arena_id,name,city,country,latitude,longitude,tz,source
amerant_bank_arena,Amerant Bank Arena,Sunrise,USA,26.15833,-80.32556,America/New_York,https://en.wikipedia.org/wiki/Amerant_Bank_Arena
american_airlines_center,American Airlines Center,Dallas,USA,32.79056,-96.81028,America/Chicago,https://en.wikipedia.org/wiki/American_Airlines_Center
att_stadium,AT&T Stadium,Arlington,USA,32.74778,-97.09278,America/Chicago,https://en.wikipedia.org/wiki/AT%26T_Stadium
avicii_arena,Avicii Arena,Stockholm,SWE,59.29361,18.08333,Europe/Stockholm,https://en.wikipedia.org/wiki/Avicii_Arena
ball_arena,Ball Arena,Denver,USA,39.74861,-105.00750,America/Denver,https://en.wikipedia.org/wiki/Ball_Arena
barclays_center,Barclays Center,Brooklyn,USA,40.68266,-73.97522,America/New_York,https://en.wikipedia.org/wiki/Barclays_Center
bc_place,BC Place,Vancouver,CAN,49.27667,-123.11194,America/Vancouver,https://en.wikipedia.org/wiki/BC_Place
benchmark_international_arena,Benchmark International Arena,Tampa,USA,27.94278,-82.45194,America/New_York,https://en.wikipedia.org/wiki/Benchmark_International_Arena
bridgestone_arena,Bridgestone Arena,Nashville,USA,36.15917,-86.77861,America/Chicago,https://en.wikipedia.org/wiki/Bridgestone_Arena
busch_stadium,Busch Stadium,St. Louis,USA,38.62250,-90.19306,America/Chicago,https://en.wikipedia.org/wiki/Busch_Stadium
canada_life_centre,Canada Life Centre,Winnipeg,CAN,49.89278,-97.14361,America/Winnipeg,https://en.wikipedia.org/wiki/Canada_Life_Centre
canadian_tire_centre,Canadian Tire Centre,Ottawa,CAN,45.29694,-75.92722,America/Toronto,https://en.wikipedia.org/wiki/Canadian_Tire_Centre
capital_one_arena,Capital One Arena,Washington,USA,38.89806,-77.02083,America/New_York,https://en.wikipedia.org/wiki/Capital_One_Arena
carter_finley_stadium,Carter-Finley Stadium,Raleigh,USA,35.80083,-78.71944,America/New_York,https://en.wikipedia.org/wiki/Carter%E2%80%93Finley_Stadium
centre_bell,Centre Bell,Montréal,CAN,45.49611,-73.56944,America/Toronto,https://en.wikipedia.org/wiki/Bell_Centre
citi_field,Citi Field,New York,USA,40.75694,-73.84583,America/New_York,https://en.wikipedia.org/wiki/Citi_Field
citizens_bank_park,Citizens Bank Park,Philadelphia,USA,39.90583,-75.16639,America/New_York,https://en.wikipedia.org/wiki/Citizens_Bank_Park
climate_pledge_arena,Climate Pledge Arena,Seattle,USA,47.62200,-122.35400,America/Los_Angeles,https://en.wikipedia.org/wiki/Climate_Pledge_Arena
commonwealth_stadium_edmonton,"Commonwealth Stadium, Edmonton",Edmonton,CAN,53.55833,-113.47500,America/Edmonton,https://en.wikipedia.org/wiki/Commonwealth_Stadium
coors_field,Coors Field,Denver,USA,39.75611,-104.99417,America/Denver,https://en.wikipedia.org/wiki/Coors_Field
cotton_bowl_stadium,Cotton Bowl Stadium,Dallas,USA,32.77944,-96.75972,America/Chicago,https://en.wikipedia.org/wiki/Cotton_Bowl_(stadium)
crypto_com_arena,Crypto.com Arena,Los Angeles,USA,34.04306,-118.26722,America/Los_Angeles,https://en.wikipedia.org/wiki/Crypto.com_Arena
delta_center,Delta Center,Salt Lake City,USA,40.76833,-111.90111,America/Denver,https://en.wikipedia.org/wiki/Delta_Center
dodger_stadium,Dodger Stadium,Los Angeles,USA,34.07361,-118.24000,America/Los_Angeles,https://en.wikipedia.org/wiki/Dodger_Stadium
edgewood_tahoe_resort,Edgewood Tahoe Resort,Stateline,USA,38.96800,-119.94600,America/Los_Angeles,https://en.wikipedia.org/wiki/Edgewood_Tahoe_Resort
enterprise_center,Enterprise Center,St. Louis,USA,38.62667,-90.20250,America/Chicago,https://en.wikipedia.org/wiki/Enterprise_Center
exhibition_stadium,Exhibition Stadium,Toronto,CAN,43.63333,-79.41861,America/Toronto,https://en.wikipedia.org/wiki/BMO_Field
falcon_stadium,Falcon Stadium,Colorado Springs,USA,38.99700,-104.84300,America/Denver,https://en.wikipedia.org/wiki/Falcon_Stadium
fenway_park,Fenway Park,Boston,USA,42.34639,-71.09778,America/New_York,https://en.wikipedia.org/wiki/Fenway_Park
gila_river_arena,Gila River Arena,Glendale,USA,33.53194,-112.26111,America/Phoenix,https://en.wikipedia.org/wiki/Desert_Diamond_Arena
gillette_stadium,Gillette Stadium,Foxborough,USA,42.09100,-71.26400,America/New_York,https://en.wikipedia.org/wiki/Gillette_Stadium
grand_casino_arena,Grand Casino Arena,Saint Paul,USA,44.94472,-93.10111,America/Chicago,https://en.wikipedia.org/wiki/Grand_Casino_Arena
heinz_field,Heinz Field,Pittsburgh,USA,40.44667,-80.01583,America/New_York,https://en.wikipedia.org/wiki/Acrisure_Stadium
honda_center,Honda Center,Anaheim,USA,33.80778,-117.87667,America/Los_Angeles,https://en.wikipedia.org/wiki/Honda_Center
joe_louis_arena,Joe Louis Arena,Detroit,USA,42.32528,-83.05139,America/Detroit,https://en.wikipedia.org/wiki/Joe_Louis_Arena
keybank_center,KeyBank Center,Buffalo,USA,42.87500,-78.87639,America/New_York,https://en.wikipedia.org/wiki/KeyBank_Center
lansdowne_park,Lansdowne Park,Ottawa,CAN,45.39806,-75.68361,America/Toronto,https://en.wikipedia.org/wiki/TD_Place_Stadium
lenovo_center,Lenovo Center,Raleigh,USA,35.80333,-78.72194,America/New_York,https://en.wikipedia.org/wiki/Lenovo_Center
levis_stadium,Levi's Stadium,Santa Clara,USA,37.40300,-121.97000,America/Los_Angeles,https://en.wikipedia.org/wiki/Levi%27s_Stadium
lincoln_financial_field,Lincoln Financial Field,Philadelphia,USA,39.90083,-75.16750,America/New_York,https://en.wikipedia.org/wiki/Lincoln_Financial_Field
little_caesars_arena,Little Caesars Arena,Detroit,USA,42.34111,-83.05500,America/Detroit,https://en.wikipedia.org/wiki/Little_Caesars_Arena
loandepot_park,loanDepot park,Miami,USA,25.77806,-80.21972,America/New_York,https://en.wikipedia.org/wiki/LoanDepot_Park
madison_square_garden,Madison Square Garden,New York,USA,40.75056,-73.99361,America/New_York,https://en.wikipedia.org/wiki/Madison_Square_Garden
mcmahon_stadium,McMahon Stadium,Calgary,CAN,51.07028,-114.12139,America/Edmonton,https://en.wikipedia.org/wiki/McMahon_Stadium
metlife_stadium,MetLife Stadium,East Rutherford,USA,40.81361,-74.07444,America/New_York,https://en.wikipedia.org/wiki/MetLife_Stadium
michigan_stadium,Michigan Stadium,Ann Arbor,USA,42.26589,-83.74875,America/Detroit,https://en.wikipedia.org/wiki/Michigan_Stadium
mosaic_stadium,Mosaic Stadium,Regina,CAN,50.45056,-104.63306,America/Regina,https://en.wikipedia.org/wiki/Mosaic_Stadium
mullett_arena,Mullett Arena,Tempe,USA,33.42667,-111.92861,America/Phoenix,https://en.wikipedia.org/wiki/Mullett_Arena
nassau_veterans_memorial_coliseum,Nassau Veterans Memorial Coliseum,Uniondale,USA,40.72278,-73.59056,America/New_York,https://en.wikipedia.org/wiki/Nassau_Coliseum
nationals_park,Nationals Park,Washington,USA,38.87278,-77.00750,America/New_York,https://en.wikipedia.org/wiki/Nationals_Park
nationwide_arena,Nationwide Arena,Columbus,USA,39.96928,-83.00611,America/New_York,https://en.wikipedia.org/wiki/Nationwide_Arena
navy_marine_corps_memorial_stadium,Navy-Marine Corps Memorial Stadium,Annapolis,USA,38.98500,-76.50700,America/New_York,https://en.wikipedia.org/wiki/Navy%E2%80%93Marine_Corps_Memorial_Stadium
nissan_stadium,Nissan Stadium,Nashville,USA,36.16639,-86.77139,America/Chicago,https://en.wikipedia.org/wiki/Nissan_Stadium_(Nashville)
nokia_arena,Nokia Arena,Tampere,FIN,61.49395,23.77295,Europe/Helsinki,https://en.wikipedia.org/wiki/Nokia_Arena_(Tampere)
notre_dame_stadium,Notre Dame Stadium,Notre Dame,USA,41.69833,-86.23389,America/Indiana/Indianapolis,https://en.wikipedia.org/wiki/Notre_Dame_Stadium
o2_arena_berlin,O2 Arena Berlin,Berlin,DEU,52.50556,13.44333,Europe/Berlin,https://en.wikipedia.org/wiki/Uber_Arena
o2_czech_republic,O2 Czech Republic,Prague,CZE,50.10476,14.49350,Europe/Prague,https://en.wikipedia.org/wiki/O2_Arena_(Prague)
ohio_stadium,Ohio Stadium,Columbus,USA,40.00167,-83.01972,America/New_York,https://en.wikipedia.org/wiki/Ohio_Stadium
philips_arena,Philips Arena,Atlanta,USA,33.75722,-84.39639,America/New_York,https://en.wikipedia.org/wiki/State_Farm_Arena
ppg_paints_arena,PPG Paints Arena,Pittsburgh,USA,40.43944,-79.98917,America/New_York,https://en.wikipedia.org/wiki/PPG_Paints_Arena
princess_auto_stadium,Princess Auto Stadium,Winnipeg,CAN,49.80778,-97.14306,America/Winnipeg,https://en.wikipedia.org/wiki/Princess_Auto_Stadium
prudential_center,Prudential Center,Newark,USA,40.73361,-74.17111,America/New_York,https://en.wikipedia.org/wiki/Prudential_Center
psd_bank_dome,PSD Bank Dome,Düsseldorf,DEU,51.27194,6.81139,Europe/Berlin,https://en.wikipedia.org/wiki/PSD_Bank_Dome
raymond_james_stadium,Raymond James Stadium,Tampa,USA,27.97583,-82.50333,America/New_York,https://en.wikipedia.org/wiki/Raymond_James_Stadium
rexall_place,Rexall Place,Edmonton,CAN,53.57139,-113.45611,America/Edmonton,https://en.wikipedia.org/wiki/Northlands_Coliseum
rice_eccles_stadium,Rice-Eccles Stadium,Salt Lake City,USA,40.75997,-111.84885,America/Denver,https://en.wikipedia.org/wiki/Rice%E2%80%93Eccles_Stadium
rogers_arena,Rogers Arena,Vancouver,CAN,49.27778,-123.10889,America/Vancouver,https://en.wikipedia.org/wiki/Rogers_Arena
rogers_place,Rogers Place,Edmonton,CAN,53.54694,-113.49778,America/Edmonton,https://en.wikipedia.org/wiki/Rogers_Place
sap_center_at_san_jose,SAP Center at San Jose,San Jose,USA,37.33278,-121.90111,America/Los_Angeles,https://en.wikipedia.org/wiki/SAP_Center
scandinavium,Scandinavium,Gothenburg,SWE,57.69917,11.98778,Europe/Stockholm,https://en.wikipedia.org/wiki/Scandinavium
scotiabank_arena,Scotiabank Arena,Toronto,CAN,43.64333,-79.37917,America/Toronto,https://en.wikipedia.org/wiki/Scotiabank_Arena
scotiabank_saddledome,Scotiabank Saddledome,Calgary,CAN,51.03750,-114.05194,America/Edmonton,https://en.wikipedia.org/wiki/Scotiabank_Saddledome
soldier_field,Soldier Field,Chicago,USA,41.86230,-87.61670,America/Chicago,https://en.wikipedia.org/wiki/Soldier_Field
t_mobile_arena,T-Mobile Arena,Paradise,USA,36.10278,-115.17833,America/Los_Angeles,https://en.wikipedia.org/wiki/T-Mobile_Arena
t_mobile_park,T-Mobile Park,Seattle,USA,47.59100,-122.33300,America/Los_Angeles,https://en.wikipedia.org/wiki/T-Mobile_Park
target_field,Target Field,Minneapolis,USA,44.98167,-93.27833,America/Chicago,https://en.wikipedia.org/wiki/Target_Field
tcf_bank_stadium,TCF Bank Stadium,Minneapolis,USA,44.97600,-93.22500,America/Chicago,https://en.wikipedia.org/wiki/Huntington_Bank_Stadium
td_garden,TD Garden,Boston,USA,42.36639,-71.06222,America/New_York,https://en.wikipedia.org/wiki/TD_Garden
tim_hortons_field,Tim Hortons Field,Hamilton,CAN,43.25222,-79.83000,America/Toronto,https://en.wikipedia.org/wiki/Hamilton_Stadium
ubs_arena,UBS Arena,Elmont,USA,40.71179,-73.72604,America/New_York,https://en.wikipedia.org/wiki/UBS_Arena
united_center,United Center,Chicago,USA,41.88056,-87.67417,America/Chicago,https://en.wikipedia.org/wiki/United_Center
veikkaus_arena,Veikkaus Arena,Helsinki,FIN,60.20574,24.92890,Europe/Helsinki,https://en.wikipedia.org/wiki/Veikkaus_Arena
wrigley_field,Wrigley Field,Chicago,USA,41.94806,-87.65556,America/Chicago,https://en.wikipedia.org/wiki/Wrigley_Field
xfinity_mobile_arena,Xfinity Mobile Arena,Philadelphia,USA,39.90111,-75.17194,America/New_York,https://en.wikipedia.org/wiki/Xfinity_Mobile_Arena
yankee_stadium,Yankee Stadium,New York,USA,40.82917,-73.92639,America/New_York,https://en.wikipedia.org/wiki/Yankee_Stadium
