team,arena_id,first_season,last_season,primary
ANA,honda_center,20102011,,true
ARI,gila_river_arena,20142015,20212022,true
ARI,mullett_arena,20222023,20232024,true
ATL,philips_arena,20102011,20102011,true
BOS,td_garden,20102011,,true
BUF,keybank_center,20102011,,true
CAR,lenovo_center,20102011,,true
CBJ,nationwide_arena,20102011,,true
CGY,scotiabank_saddledome,20102011,,true
CHI,united_center,20102011,,true
COL,ball_arena,20102011,,true
DAL,american_airlines_center,20102011,,true
DET,joe_louis_arena,20102011,20162017,true
DET,little_caesars_arena,20172018,,true
EDM,rexall_place,20102011,20152016,true
EDM,rogers_place,20162017,,true
FLA,amerant_bank_arena,20102011,,true
LAK,crypto_com_arena,20102011,,true
MIN,grand_casino_arena,20102011,,true
MTL,centre_bell,20102011,,true
NJD,prudential_center,20102011,,true
NSH,bridgestone_arena,20102011,,true
NYI,nassau_veterans_memorial_coliseum,20102011,20142015,true
NYI,barclays_center,20152016,20172018,true
NYI,barclays_center,20182019,20192020,false
NYI,nassau_veterans_memorial_coliseum,20182019,20202021,true
NYI,ubs_arena,20212022,,true
NYR,madison_square_garden,20102011,,true
OTT,canadian_tire_centre,20102011,,true
PHI,xfinity_mobile_arena,20102011,,true
PHX,gila_river_arena,20102011,20132014,true
PIT,ppg_paints_arena,20102011,,true
SEA,climate_pledge_arena,20212022,,true
SJS,sap_center_at_san_jose,20102011,,true
STL,enterprise_center,20102011,,true
TBL,benchmark_international_arena,20102011,,true
TOR,scotiabank_arena,20102011,,true
UTA,delta_center,20242025,,true
VAN,rogers_arena,20102011,,true
VGK,t_mobile_arena,20172018,,true
WPG,canada_life_centre,20112012,,true
WSH,capital_one_arena,20102011,,true
