game_id,season,game_date,start_utc,home,away,open_home,open_away,close_home,close_away,p_open,p_close,move,unswapped_gap,close_home_line,big_move,extreme_open,swapped,below_100,observed_utc,raw_key
2010021161,20102011,2011-04-01,2011-04-01T23:00:00Z,CBJ,CHI,-200,170,180,-210,0.6429,0.3452,0.2976,0.0119,,true,false,true,false,2011-04-01T23:00:00Z,sbr/20102011/20260929T115226Z
2012020132,20122013,2013-02-05,2013-02-06T00:30:00Z,OTT,BUF,120,-140,-145,125,0.438,0.5711,0.1332,0.0091,,false,false,true,false,2013-02-06T00:30:00Z,sbr/20122013/20260929T115229Z
2014020746,20142015,2015-02-03,2015-02-04T00:00:00Z,NYI,FLA,-125,105,-245,205,0.5325,0.6841,0.1517,0.2166,-1.5,true,false,false,false,2015-02-04T00:00:00Z,sbr/20142015/20260929T115233Z
2014020822,20142015,2015-02-13,2015-02-14T03:00:00Z,VAN,BOS,-320,250,100,-120,0.7273,0.4783,0.249,0.2055,,true,false,false,false,2015-02-14T03:00:00Z,sbr/20142015/20260929T115233Z
2014020971,20142015,2015-03-07,2015-03-08T00:00:00Z,TOR,STL,-170,150,140,-160,0.6115,0.4037,0.2078,0.0152,1.5,true,false,true,false,2015-03-08T00:00:00Z,sbr/20142015/20260929T115233Z
2015020113,20152016,2015-10-24,2015-10-25T00:00:00Z,DAL,FLA,150,-170,-175,155,0.3885,0.6187,0.2302,0.0072,-1.5,true,false,true,false,2015-10-25T00:00:00Z,sbr/20152016/20260929T115235Z
2015020714,20152016,2016-01-23,2016-01-24T00:00:00Z,FLA,TBL,-215,185,110,-130,0.6605,0.4573,0.2032,0.1177,1.5,true,false,false,false,2016-01-24T00:00:00Z,sbr/20152016/20260929T115235Z
2015020761,20152016,2016-02-04,2016-02-05T00:30:00Z,WSH,NYI,-155,135,200,-240,0.5882,0.3208,0.2675,0.091,-1.5,true,false,false,false,2016-02-05T00:30:00Z,sbr/20152016/20260929T115235Z
2015020767,20152016,2016-02-04,2016-02-05T02:00:00Z,COL,DAL,105,-125,245,-305,0.4675,0.2779,0.1896,0.2545,1.5,true,false,false,false,2016-02-05T02:00:00Z,sbr/20152016/20260929T115235Z
2015020769,20152016,2016-02-04,2016-02-05T03:00:00Z,VAN,CBJ,-155,135,190,-230,0.5882,0.331,0.2572,0.0808,-1.5,true,false,false,false,2016-02-05T03:00:00Z,sbr/20152016/20260929T115235Z
2015020774,20152016,2016-02-05,2016-02-06T03:00:00Z,ANA,ARI,160,-180,-215,185,0.3743,0.6605,0.2861,0.0348,-1.5,true,false,true,false,2016-02-06T03:00:00Z,sbr/20152016/20260929T115235Z
2015020783,20152016,2016-02-06,2016-02-07T01:00:00Z,NSH,SJS,-121,101,250,-320,0.5239,0.2727,0.2512,0.2034,-1.5,true,false,false,false,2016-02-07T01:00:00Z,sbr/20152016/20260929T115235Z
2016020138,20162017,2016-11-01,2016-11-02T00:00:00Z,WPG,WSH,-168,148,155,-175,0.6086,0.3813,0.2273,0.0102,1.5,true,false,true,false,2016-11-02T00:00:00Z,sbr/20162017/20260929T115237Z
2016020647,20162017,2017-01-14,2017-01-15T01:00:00Z,ARI,ANA,-210,180,155,-175,0.6548,0.3813,0.2735,0.0361,1.5,true,false,true,false,2017-01-15T01:00:00Z,sbr/20162017/20260929T115237Z
2016020937,20162017,2017-03-02,2017-03-03T00:00:00Z,BUF,ARI,145,-165,-177,157,0.396,0.6215,0.2256,0.0175,-1.5,true,false,true,false,2017-03-03T00:00:00Z,sbr/20162017/20260929T115237Z
2016020981,20162017,2017-03-07,2017-03-08T03:00:00Z,ANA,NSH,-265,215,-115,-105,0.6958,0.5108,0.1849,0.2066,-1.5,true,false,false,false,2017-03-08T03:00:00Z,sbr/20162017/20260929T115237Z
2017020439,20172018,2017-12-08,2017-12-09T00:00:00Z,NJD,CBJ,-153,133,117,-137,0.5849,0.4436,0.1413,0.0285,1.5,false,false,true,false,2017-12-09T00:00:00Z,sbr/20172018/20260929T115239Z
2017020868,20172018,2018-02-13,2018-02-14T00:00:00Z,PIT,OTT,-265,215,-127,107,0.6958,0.5366,0.1591,0.2324,-1.5,true,false,false,false,2018-02-14T00:00:00Z,sbr/20172018/20260929T115239Z
2018020006,20182019,2018-10-04,2018-10-04T23:30:00Z,NYR,NSH,-160,140,160,-180,0.5963,0.3743,0.2219,0.0294,1.5,true,false,true,false,2018-10-04T23:30:00Z,sbr/20182019/20260929T115241Z
2018020655,20182019,2019-01-07,2019-01-08T01:30:00Z,CHI,CGY,975,-1787,160,-180,0.0894,0.3743,0.2849,0.5362,1.5,true,true,false,false,2019-01-08T01:30:00Z,sbr/20182019/20260929T115241Z
2018021061,20182019,2019-03-10,2019-03-10T23:00:00Z,WSH,WPG,-1330,810,-150,135,0.8943,0.5851,0.3093,0.4794,-1.5,true,true,false,false,2019-03-10T23:00:00Z,sbr/20182019/20260929T115241Z
2018021110,20182019,2019-03-16,2019-03-17T02:30:00Z,SJS,NSH,-1150,733,-140,130,0.8846,0.573,0.3116,0.4575,-1.5,true,true,false,false,2019-03-17T02:30:00Z,sbr/20182019/20260929T115241Z
2019020052,20192020,2019-10-10,2019-10-11T00:00:00Z,NSH,WSH,130,-150,-130,120,0.4202,0.5543,0.1341,0.0256,-1.5,false,false,true,false,2019-10-11T00:00:00Z,sbr/20192020/20260929T115243Z
2019020621,20192020,2019-12-31,2020-01-01T01:00:00Z,COL,WPG,105,-125,-210,190,0.4675,0.6627,0.1951,0.1302,-1.5,true,false,false,false,2020-01-01T01:00:00Z,sbr/20192020/20260929T115243Z
2019020642,20192020,2020-01-04,2020-01-04T18:00:00Z,CBJ,SJS,-1253,778,-130,120,0.8905,0.5543,0.3362,0.4447,-1.5,true,true,false,false,2020-01-04T18:00:00Z,sbr/20192020/20260929T115243Z
2019020701,20192020,2020-01-11,2020-01-12T03:00:00Z,VGK,CBJ,-2156,1086,-210,190,0.9189,0.6627,0.2562,0.5816,-1.5,true,true,false,false,2020-01-12T03:00:00Z,sbr/20192020/20260929T115243Z
2019020935,20192020,2020-02-20,2020-02-21T00:00:00Z,WSH,MTL,163,-190,-180,160,0.3672,0.6257,0.2584,0.0071,-1.5,true,false,true,false,2020-02-21T00:00:00Z,sbr/20192020/20260929T115243Z
2019021066,20192020,2020-03-09,2020-03-09T23:00:00Z,BUF,WSH,-135,115,140,-155,0.5526,0.4067,0.1459,0.0407,1.5,false,false,true,false,2020-03-09T23:00:00Z,sbr/20192020/20260929T115243Z
2019021075,20192020,2020-03-09,2020-03-10T00:00:00Z,STL,FLA,148,-170,-160,145,0.3904,0.6012,0.2108,0.0084,-1.5,true,false,true,false,2020-03-10T00:00:00Z,sbr/20192020/20260929T115243Z
2020020156,20202021,2021-02-02,2021-02-03T01:00:00Z,WPG,CGY,760,-1210,115,-125,0.1118,0.4557,0.3439,0.4325,1.5,true,true,false,false,2021-02-03T01:00:00Z,sbr/20202021/20260929T115310Z
2020020287,20202021,2021-02-20,2021-02-20T20:00:00Z,COL,VGK,-113,-107,-250,220,0.5065,0.6957,0.1892,0.2021,-1.5,true,false,false,false,2021-02-20T20:00:00Z,sbr/20202021/20260929T115310Z
2020020443,20202021,2021-03-14,2021-03-14T23:00:00Z,OTT,TOR,-240,199,215,-245,0.6785,0.3089,0.3696,0.0126,1.5,true,false,true,false,2021-03-14T23:00:00Z,sbr/20202021/20260929T115310Z
2020020653,20202021,2021-05-11,2021-05-11T23:00:00Z,WSH,BOS,-110,-110,-200,180,0.5,0.6512,0.1512,0.1512,-1.5,true,false,false,false,2021-05-11T23:00:00Z,sbr/20202021/20260929T115310Z
2021020034,20212022,2021-10-17,2021-10-17T21:00:00Z,OTT,DAL,-181,557,125,-135,,0.4362,,,1.5,false,false,false,true,2021-10-17T21:00:00Z,sbr/20212022/20260929T115312Z
2021020340,20212022,2022-01-18,2022-01-19T00:00:00Z,PHI,NYI,-850,600,117,-127,0.8623,0.4517,0.4107,0.314,1.5,true,true,false,false,2022-01-19T00:00:00Z,sbr/20212022/20260929T115312Z
2021020487,20212022,2022-02-08,2022-02-09T03:00:00Z,VAN,ARI,250,-310,-220,200,0.2742,0.6735,0.3992,0.0523,-1.5,true,false,false,false,2022-02-09T03:00:00Z,sbr/20212022/20260929T115312Z
2021020505,20212022,2022-04-27,2022-04-27T23:30:00Z,NYR,MTL,-380,300,-165,150,0.76,0.6089,0.1511,0.3689,-1.5,true,false,false,false,2022-04-27T23:30:00Z,sbr/20212022/20260929T115312Z
2021020648,20212022,2022-02-20,2022-02-21T01:00:00Z,EDM,MIN,-1010,705,-105,-105,0.8799,0.5,0.3799,0.3799,-1.5,true,true,false,false,2022-02-21T01:00:00Z,sbr/20212022/20260929T115312Z
2021020906,20212022,2022-03-08,2022-03-09T00:00:00Z,PIT,FLA,-183,480,105,-115,,0.477,,,1.5,false,false,false,true,2022-03-09T00:00:00Z,sbr/20212022/20260929T115312Z
2021020945,20212022,2022-03-13,2022-03-13T17:00:00Z,PIT,CAR,165,162,-135,125,,0.5638,,,-1.5,false,false,false,true,2022-03-13T17:00:00Z,sbr/20212022/20260929T115312Z
