team,franchise_id,name,first_season,last_season,predecessor
ANA,32,Anaheim Ducks,20102011,,
ARI,28,Arizona Coyotes,20142015,20232024,PHX
ATL,35,Atlanta Thrashers,20102011,20102011,
BOS,6,Boston Bruins,20102011,,
BUF,19,Buffalo Sabres,20102011,,
CAR,26,Carolina Hurricanes,20102011,,
CBJ,36,Columbus Blue Jackets,20102011,,
CGY,21,Calgary Flames,20102011,,
CHI,11,Chicago Blackhawks,20102011,,
COL,27,Colorado Avalanche,20102011,,
DAL,15,Dallas Stars,20102011,,
DET,12,Detroit Red Wings,20102011,,
EDM,25,Edmonton Oilers,20102011,,
FLA,33,Florida Panthers,20102011,,
LAK,14,Los Angeles Kings,20102011,,
MIN,37,Minnesota Wild,20102011,,
MTL,1,Montréal Canadiens,20102011,,
NJD,23,New Jersey Devils,20102011,,
NSH,34,Nashville Predators,20102011,,
NYI,22,New York Islanders,20102011,,
NYR,10,New York Rangers,20102011,,
OTT,30,Ottawa Senators,20102011,,
PHI,16,Philadelphia Flyers,20102011,,
PHX,28,Phoenix Coyotes,20102011,20132014,
PIT,17,Pittsburgh Penguins,20102011,,
SEA,39,Seattle Kraken,20212022,,
SJS,29,San Jose Sharks,20102011,,
STL,18,St. Louis Blues,20102011,,
TBL,31,Tampa Bay Lightning,20102011,,
TOR,5,Toronto Maple Leafs,20102011,,
UTA,40,Utah Mammoth,20242025,,ARI
VAN,20,Vancouver Canucks,20102011,,
VGK,38,Vegas Golden Knights,20172018,,
WPG,35,Winnipeg Jets,20112012,,ATL
WSH,24,Washington Capitals,20102011,,
