venue,arena_id
AT&T Stadium,att_stadium
Air Canada Centre,scotiabank_arena
Amalie Arena,benchmark_international_arena
Amerant Bank Arena,amerant_bank_arena
American Airlines Center,american_airlines_center
Avicii Arena,avicii_arena
BB&T Center,amerant_bank_arena
BC Place,bc_place
Ball Arena,ball_arena
BankAtlantic Center,amerant_bank_arena
Barclays Center,barclays_center
Bell MTS Place,canada_life_centre
Benchmark International Arena,benchmark_international_arena
Bridgestone Arena,bridgestone_arena
Busch Stadium,busch_stadium
CONSOL Energy Center,ppg_paints_arena
Canada Life Centre,canada_life_centre
Canadian Tire Centre,canadian_tire_centre
Capital One Arena,capital_one_arena
Carter-Finley Stadium,carter_finley_stadium
Centre Bell,centre_bell
Citi Field,citi_field
Citizens Bank Park,citizens_bank_park
Climate Pledge Arena,climate_pledge_arena
"Commonwealth Stadium, Edmonton",commonwealth_stadium_edmonton
Coors Field,coors_field
Cotton Bowl Stadium,cotton_bowl_stadium
Crypto.com Arena,crypto_com_arena
Delta Center,delta_center
Dodger Stadium,dodger_stadium
Edgewood Tahoe Resort,edgewood_tahoe_resort
Enterprise Center,enterprise_center
Ericsson Globe,avicii_arena
Exhibition Stadium,exhibition_stadium
FLA Live Arena,amerant_bank_arena
Falcon Stadium,falcon_stadium
Fenway Park,fenway_park
First Niagara Center,keybank_center
Gila River Arena,gila_river_arena
Gillette Stadium,gillette_stadium
Grand Casino Arena,grand_casino_arena
HP Pavilion at San Jose,sap_center_at_san_jose
HSBC Arena,keybank_center
Hartwall Areena,veikkaus_arena
Hartwall Arena,veikkaus_arena
Heinz Field,heinz_field
Honda Center,honda_center
Investors Group Field,princess_auto_stadium
Jobing.com Arena,gila_river_arena
Joe Louis Arena,joe_louis_arena
KeyBank Center,keybank_center
Lansdowne Park,lansdowne_park
Lenovo Center,lenovo_center
Levi's Stadium,levis_stadium
Lincoln Financial Field,lincoln_financial_field
Little Caesars Arena,little_caesars_arena
MTS Centre,canada_life_centre
Madison Square Garden,madison_square_garden
McMahon Stadium,mcmahon_stadium
MetLife Stadium,metlife_stadium
Michigan Stadium,michigan_stadium
Mosaic Stadium,mosaic_stadium
Mullett Arena,mullett_arena
NYCB Live/Nassau Coliseum,nassau_veterans_memorial_coliseum
Nassau Veterans Memorial Coliseum,nassau_veterans_memorial_coliseum
Nationals Park,nationals_park
Nationwide Arena,nationwide_arena
Navy-Marine Corps Memorial Stadium,navy_marine_corps_memorial_stadium
Nissan Stadium,nissan_stadium
Nokia Arena,nokia_arena
Notre Dame Stadium,notre_dame_stadium
O2 Arena Berlin,o2_arena_berlin
O2 Czech Republic,o2_czech_republic
Ohio Stadium,ohio_stadium
PNC Arena,lenovo_center
PPG Paints Arena,ppg_paints_arena
PSD Bank Dome,psd_bank_dome
Pepsi Center,ball_arena
Philips Arena,philips_arena
Princess Auto Stadium,princess_auto_stadium
Prudential Center,prudential_center
RBC Center,lenovo_center
Raymond James Stadium,raymond_james_stadium
Rexall Place,rexall_place
Rice-Eccles Stadium,rice_eccles_stadium
Rogers Arena,rogers_arena
Rogers Place,rogers_place
SAP Center at San Jose,sap_center_at_san_jose
STAPLES Center,crypto_com_arena
Scandinavium,scandinavium
Scotiabank Arena,scotiabank_arena
Scotiabank Place,canadian_tire_centre
Scotiabank Saddledome,scotiabank_saddledome
Scottrade Center,enterprise_center
Soldier Field,soldier_field
St. Pete Times Forum,benchmark_international_arena
T-Mobile Arena,t_mobile_arena
T-Mobile Park,t_mobile_park
TCF Bank Stadium,tcf_bank_stadium
TD Garden,td_garden
Tampa Bay Times Forum,benchmark_international_arena
Target Field,target_field
Tim Hortons Field,tim_hortons_field
UBS Arena,ubs_arena
United Center,united_center
Veikkaus Arena,veikkaus_arena
Verizon Center,capital_one_arena
Wells Fargo Center,xfinity_mobile_arena
Wrigley Field,wrigley_field
Xcel Energy Center,grand_casino_arena
Xfinity Mobile Arena,xfinity_mobile_arena
Yankee Stadium,yankee_stadium
loanDepot park,loandepot_park
