experiment,season,game_id,game_date,home,away,p_b2,p_b1,gap,c_delta_s,c_home_back_to_back,c_away_back_to_back,c_rest_diff,c_travel_diff,c_home_tz,c_away_tz,c_empty_seats,c_goalie,c_h_s,out_of_range,home_missing,away_missing,neutral_site,capacity_share,home_rest_days,away_rest_days,at_home_arena,early_season,market_logit,b2_logit,history_gap,away_from_home,no_candidates,limited_seats,flagged,reason
E1,20182019,2018020001,2018-10-03,TOR,MTL,0.5749,0.6973,-0.1224,0.0554,0.0214,-0.0467,-0.0005,0.0002,-0.0173,0.0058,0.0,0.0479,0.2034,false,0,0,false,1.0,4,4,true,true,0.8345,0.3019,false,false,false,false,true,flagged
E1,20182019,2018020006,2018-10-04,NYR,NSH,0.5092,0.3546,0.1546,-0.1824,0.0214,-0.0467,-0.0005,0.0082,-0.0173,-0.0058,0.0,0.0222,0.2055,false,0,0,false,1.0,4,4,true,true,-0.5989,0.0368,false,false,false,false,true,flagged
E1,20182019,2018020011,2018-10-04,STL,WPG,0.5614,0.4743,0.0871,0.0759,0.0214,-0.0467,-0.0005,0.0098,-0.0173,0.0058,0.0,-0.0393,0.2055,false,0,0,false,1.0,4,4,true,true,-0.1029,0.2468,false,false,false,false,true,flagged
E1,20182019,2018020014,2018-10-04,VGK,PHI,0.5348,0.6455,-0.1107,-0.0942,0.0214,-0.0467,-0.0005,0.0337,-0.0173,-0.0291,0.0,0.0343,0.2055,false,0,0,false,1.0,4,4,true,true,0.5993,0.1394,false,false,false,false,true,flagged
E1,20182019,2018020018,2018-10-06,TOR,OTT,0.6361,0.7361,-0.1001,0.2557,0.0214,-0.0467,0.0016,-0.0018,-0.0173,0.0058,0.0,0.1111,0.1964,false,0,0,false,1.0,3,2,true,true,1.0258,0.5585,false,false,false,false,true,flagged
E1,20182019,2018020021,2018-10-06,NYI,NSH,0.4976,0.3987,0.0988,-0.169,0.0214,-0.0467,-0.0005,-0.013,-0.0173,0.0058,0.0,-0.019,0.1964,false,0,0,false,1.0,2,2,true,true,-0.4109,-0.0096,false,false,false,false,true,flagged
E1,20182019,2018020022,2018-10-06,PIT,MTL,0.6091,0.7073,-0.0983,0.2653,0.0214,-0.0467,-0.0026,-0.0015,-0.0173,0.0058,0.0,-0.0097,0.1964,false,0,0,false,1.0,2,3,true,true,0.8823,0.4435,false,false,false,false,true,flagged
E1,20182019,2018020023,2018-10-06,DAL,WPG,0.5779,0.4794,0.0985,0.1176,0.0214,-0.0467,-0.0005,0.0044,-0.0173,0.0058,0.0,0.0007,0.1964,false,0,0,false,1.0,2,2,true,true,-0.0824,0.3142,false,false,false,false,true,flagged
E1,20182019,2018020036,2018-10-09,PHI,SJS,0.5978,0.5177,0.0801,-0.0776,0.0214,0.1464,0.0038,-0.0324,0.1104,0.0058,0.0,-0.013,0.1992,false,0,0,false,1.0,3,1,true,true,0.0708,0.3963,false,false,false,false,true,flagged
E1,20182019,2018020040,2018-10-09,WPG,LAK,0.5177,0.6455,-0.1278,-0.1076,0.0214,-0.0467,0.0016,0.0008,-0.0173,-0.0174,0.0,0.0045,0.1992,false,0,0,false,1.0,3,2,true,true,0.5993,0.0708,false,false,false,false,true,flagged
E1,20182019,2018020046,2018-10-11,BUF,COL,0.5634,0.4548,0.1086,0.096,0.0214,-0.0467,0.0016,-0.0002,-0.0173,0.0058,0.0,-0.0348,0.1969,false,0,0,false,1.0,3,2,true,true,-0.1813,0.255,false,false,false,false,true,flagged
E1,20182019,2018020048,2018-10-11,NJD,WSH,0.6678,0.5225,0.1453,0.0425,0.0214,0.1464,0.0059,-0.0699,0.3657,0.0058,0.0,-0.0486,0.1969,true,0,0,false,1.0,4,1,true,true,0.0901,0.6983,false,false,false,false,true,flagged
E1,20182019,2018020052,2018-10-11,DET,TOR,0.5321,0.3811,0.151,-0.1723,0.0214,-0.0467,0.0016,-0.0229,0.1742,-0.0058,0.0,-0.05,0.1969,true,0,0,false,1.0,3,2,true,true,-0.4849,0.1286,false,false,false,false,true,flagged
E1,20182019,2018020053,2018-10-11,TBL,VAN,0.6433,0.731,-0.0877,0.4197,0.0214,-0.0467,0.0038,0.0051,-0.0173,0.0058,0.0,-0.0311,0.1969,false,0,0,false,1.0,4,2,true,true,0.9997,0.5897,false,false,false,false,true,flagged
E1,20182019,2018020062,2018-10-13,MTL,PIT,0.4879,0.3811,0.1068,-0.239,0.0214,-0.0467,-0.0005,0.0031,-0.0173,0.0058,0.0,-0.0053,0.1979,false,0,0,false,1.0,2,2,true,true,-0.4849,-0.0484,false,false,false,false,true,flagged
E1,20182019,2018020066,2018-10-13,NSH,NYI,0.5974,0.6833,-0.0859,0.1715,0.0214,-0.0467,-0.0047,0.0082,-0.0173,-0.0058,0.0,0.0379,0.1979,false,0,0,false,1.0,2,4,true,true,0.769,0.3946,false,false,false,false,true,flagged
E1,20182019,2018020073,2018-10-14,WPG,CAR,0.5331,0.6206,-0.0875,-0.292,0.0214,0.1464,0.0038,-0.0179,-0.0173,0.0058,0.0,0.0539,0.1962,false,0,0,false,1.0,3,1,true,true,0.4921,0.1326,false,false,false,false,true,flagged
E1,20182019,2018020076,2018-10-15,OTT,DAL,0.4467,0.3648,0.0819,-0.3424,0.0214,-0.0467,-0.0005,0.0199,-0.0173,-0.0058,0.0,-0.072,0.197,false,0,0,false,1.0,2,2,true,true,-0.5546,-0.214,false,false,false,false,true,flagged
E1,20182019,2018020077,2018-10-15,NSH,MIN,0.5133,0.6523,-0.1391,-0.183,0.0214,-0.0467,-0.0005,0.007,-0.0173,0.0058,0.0,0.0372,0.197,false,0,0,false,1.0,2,2,true,true,0.6292,0.0532,false,false,false,false,true,flagged
E1,20182019,2018020080,2018-10-16,PHI,FLA,0.5933,0.5051,0.0882,0.1398,0.0214,-0.0467,-0.0005,0.0124,-0.0173,0.0058,0.0,0.029,0.2014,false,0,0,false,1.0,3,3,true,true,0.0204,0.3776,false,false,false,false,true,flagged
E1,20182019,2018020082,2018-10-16,TBL,CAR,0.5128,0.6041,-0.0913,-0.1072,0.0214,-0.0467,0.0016,0.0252,-0.0173,-0.0058,0.0,-0.0537,0.2014,false,0,0,false,1.0,3,2,true,true,0.4226,0.0512,false,false,false,false,true,flagged
E1,20182019,2018020084,2018-10-16,WPG,EDM,0.5428,0.6523,-0.1095,0.0205,0.0214,-0.0467,-0.0026,0.0176,-0.0173,-0.0058,0.0,-0.0492,0.2014,false,0,0,false,1.0,2,3,true,true,0.6292,0.1716,false,false,false,false,true,flagged
E1,20182019,2018020093,2018-10-18,TBL,DET,0.6134,0.7361,-0.1227,0.2902,0.0214,-0.0467,-0.0026,0.0181,-0.0173,0.0058,0.0,-0.0491,0.2095,false,0,0,false,1.0,2,3,true,true,1.0258,0.4616,false,false,false,false,true,flagged
E1,20182019,2018020096,2018-10-18,EDM,BOS,0.5465,0.4548,0.0917,-0.2904,0.0214,0.1464,0.0016,-0.0157,0.0466,0.0058,0.0,0.029,0.2095,false,0,0,false,1.0,2,1,true,true,-0.1813,0.1865,false,false,false,false,true,flagged
E1,20182019,2018020130,2018-10-24,NYI,FLA,0.5958,0.4922,0.1036,-0.1279,0.0214,0.1464,0.0059,-0.0514,0.1742,0.0058,0.0,-0.0164,0.1976,true,0,0,false,1.0,4,1,true,false,-0.0312,0.388,false,false,false,false,true,flagged
E1,20182019,2018020147,2018-10-26,COL,OTT,0.532,0.6653,-0.1333,-0.1632,0.0214,-0.0467,-0.0026,0.0219,-0.0173,-0.0174,0.0,0.1038,0.196,false,0,0,false,1.0,2,3,true,false,0.687,0.1282,false,false,false,false,false,random sample
E1,20182019,2018020180,2018-11-01,FLA,WPG,0.5698,0.4456,0.1242,0.0176,0.0214,-0.0467,-0.0005,-0.0058,0.3657,-0.0639,0.0,-0.0391,0.0,true,0,0,true,1.0,4,4,false,false,-0.2185,0.281,false,false,false,false,true,flagged
E1,20182019,2018020183,2018-11-01,OTT,BUF,0.5706,0.4502,0.1204,0.0141,0.0214,-0.0467,-0.0005,-0.039,0.1742,0.0058,0.0,-0.0661,0.1887,true,0,0,false,1.0,2,2,true,false,-0.1999,0.2843,false,false,false,false,true,flagged
E1,20182019,2018020196,2018-11-03,MTL,TBL,0.531,0.4324,0.0985,-0.147,0.0214,-0.0467,-0.0005,0.0181,-0.0173,0.0058,0.0,0.0664,0.1918,false,0,0,false,1.0,2,2,true,false,-0.2721,0.1242,false,false,false,false,false,random sample
E1,20182019,2018020208,2018-11-04,NYR,BUF,0.6558,0.5412,0.1146,0.0646,0.0214,0.1464,0.0038,-0.0441,0.1742,0.0058,0.0,0.0475,0.1927,true,0,0,false,1.0,3,1,true,false,0.1652,0.6446,false,false,false,false,true,flagged
E1,20182019,2018020240,2018-11-09,WPG,COL,0.7179,0.6269,0.0909,0.3453,0.0214,-0.0467,0.0038,-0.0663,0.4933,-0.0058,0.0,-0.0427,0.1996,true,0,0,false,1.0,4,2,true,false,0.5189,0.9341,false,false,false,false,true,flagged
E1,20182019,2018020289,2018-11-16,COL,WSH,0.515,0.5954,-0.0803,-0.1714,0.0214,-0.0467,-0.0005,0.0089,-0.0173,-0.0058,0.0,0.0299,0.2093,false,0,0,false,1.0,2,2,true,false,0.3863,0.06,false,false,false,false,false,random sample
E1,20182019,2018020311,2018-11-19,MTL,WSH,0.6269,0.5297,0.0972,0.1874,0.0214,-0.0467,-0.0026,-0.0173,0.1742,-0.0174,0.0,-0.0127,0.2005,true,0,0,false,1.0,2,3,true,false,0.1189,0.5189,false,false,false,false,true,flagged
E1,20182019,2018020331,2018-11-21,LAK,COL,0.6535,0.4434,0.2101,0.4006,0.0214,-0.0467,-0.0026,-0.0336,0.1104,0.0058,0.0,-0.0504,0.1973,false,0,0,false,1.0,2,3,true,false,-0.2274,0.6345,false,false,false,false,false,over 20 points
E1,20182019,2018020336,2018-11-23,MIN,WPG,0.6039,0.5051,0.0989,0.2554,0.0214,-0.0467,-0.0005,0.0135,-0.0173,-0.0058,0.0,-0.0368,0.2063,false,0,0,false,1.0,2,2,true,false,0.0204,0.4217,false,false,false,false,false,random sample
E1,20182019,2018020401,2018-12-01,NYI,CBJ,0.4888,0.4058,0.0831,-0.1576,0.0214,-0.0467,-0.0005,0.0004,-0.0173,0.0058,0.0,-0.0956,0.2129,false,0,0,false,1.0,2,2,false,false,-0.3814,-0.0448,false,true,false,false,true,flagged
E1,20182019,2018020425,2018-12-04,LAK,ARI,0.6364,0.5297,0.1067,0.332,0.0214,-0.0467,-0.0026,0.0008,-0.0173,-0.0058,0.0,0.038,0.2077,false,0,0,false,1.0,2,3,true,false,0.1189,0.5598,false,false,false,false,false,random sample
E1,20182019,2018020468,2018-12-11,CAR,TOR,0.6445,0.422,0.2226,0.3356,0.0214,-0.0467,0.0016,-0.0343,0.1742,0.0058,0.0,-0.0987,0.2037,true,0,0,false,1.0,4,3,true,false,-0.3146,0.5949,false,false,false,false,true,flagged
E1,20182019,2018020487,2018-12-14,NJD,VGK,0.5307,0.4119,0.1188,-0.1978,0.0214,-0.0467,0.0038,-0.0511,0.1742,0.0058,0.0,-0.034,0.2151,true,0,0,false,1.0,4,2,true,false,-0.3561,0.123,false,false,false,false,true,flagged
E1,20182019,2018020515,2018-12-17,OTT,NSH,0.4534,0.3648,0.0885,-0.3132,0.0214,-0.0467,-0.0005,0.0077,-0.0173,-0.0058,0.0,-0.0822,0.2174,false,0,0,false,1.0,2,2,true,false,-0.5546,-0.1869,false,false,false,false,false,random sample
E1,20182019,2018020527,2018-12-18,LAK,WPG,0.6025,0.3897,0.2127,0.0102,0.0214,-0.0467,0.0016,-0.0163,0.1742,-0.0174,0.0,0.0408,0.2159,true,0,0,false,1.0,3,2,true,false,-0.4486,0.4159,false,false,false,false,true,flagged
E1,20182019,2018020529,2018-12-19,COL,MTL,0.4797,0.5863,-0.1066,-0.3376,0.0214,-0.0467,-0.0005,0.024,-0.0173,-0.0174,0.0,0.0468,0.2138,false,0,0,false,1.0,2,2,true,false,0.3487,-0.0812,false,false,false,false,false,random sample
E1,20182019,2018020570,2018-12-27,WSH,CAR,0.4199,0.6206,-0.2007,-0.5841,0.0214,-0.0467,-0.0005,-0.0093,-0.0173,0.0058,0.0,0.0718,0.2034,false,0,0,false,1.0,4,4,true,false,0.4921,-0.3232,false,false,false,false,false,over 20 points
E1,20182019,2018020604,2018-12-31,CBJ,OTT,0.6309,0.7361,-0.1052,0.219,0.0214,-0.0467,0.0016,0.0038,-0.0173,0.0058,0.0,0.1213,0.1949,false,0,0,false,1.0,3,2,true,false,1.0258,0.5361,false,false,false,false,false,random sample
E1,20182019,2018020614,2019-01-01,VGK,LAK,0.6268,0.7168,-0.09,0.1,0.0214,0.1464,0.0016,0.0011,0.0466,-0.0058,0.0,-0.0142,0.1891,false,0,0,false,1.0,2,1,true,false,0.9286,0.5185,false,false,false,false,false,random sample
E1,20182019,2018020630,2019-01-04,DET,NSH,0.452,0.3546,0.0974,-0.3531,0.0214,-0.0467,-0.0026,0.003,-0.0173,-0.0058,0.0,-0.0115,0.1878,false,0,0,false,1.0,2,3,true,false,-0.5989,-0.1926,false,false,false,false,false,random sample
E1,20182019,2018020636,2019-01-05,PHI,CGY,0.5388,0.4119,0.1269,0.0138,0.0214,-0.0467,-0.0005,-0.0006,-0.0173,0.0058,0.0,-0.0426,0.1899,false,0,0,false,1.0,2,2,true,false,-0.3561,0.1555,false,false,false,false,false,random sample
E1,20182019,2018020673,2019-01-10,NYR,NYI,0.5612,0.4324,0.1288,-0.1369,0.0214,-0.0467,-0.0005,-0.0453,0.1742,0.0058,0.0,0.0557,0.1861,true,0,0,false,1.0,2,2,true,false,-0.2721,0.246,false,false,false,false,true,flagged
E1,20182019,2018020721,2019-01-16,OTT,COL,0.5743,0.3728,0.2015,0.0115,0.0214,-0.0467,0.0038,-0.0453,0.1742,0.0058,0.0,-0.05,0.1925,true,0,0,false,1.0,4,2,true,false,-0.5202,0.2994,false,false,false,false,true,flagged
E1,20182019,2018020769,2019-01-23,ANA,STL,0.5366,0.4502,0.0864,-0.3423,0.0214,-0.0467,0.0016,-0.0492,0.1742,0.0058,0.0,0.1607,0.1889,true,0,0,false,1.0,3,2,true,false,-0.1999,0.1467,false,false,false,false,true,flagged
E1,20182019,2018020776,2019-01-30,PIT,TBL,0.5742,0.4668,0.1074,0.0564,0.0214,-0.0467,-0.0047,0.0103,-0.0173,0.0058,0.0,0.0578,0.1837,false,0,0,false,1.0,2,4,true,false,-0.133,0.299,false,false,false,false,false,random sample
E1,20182019,2018020783,2019-02-01,NYI,TBL,0.5073,0.4119,0.0954,-0.2487,0.0214,-0.0467,0.0038,-0.0127,0.0466,0.0058,0.0,0.0433,0.1842,false,0,0,false,1.0,4,2,false,false,-0.3561,0.0292,false,true,false,false,true,flagged
E1,20182019,2018020787,2019-02-01,CAR,VGK,0.6049,0.5051,0.0998,0.1652,0.0214,-0.0467,-0.0005,-0.0122,0.1742,-0.0291,0.0,-0.0629,0.1842,true,0,0,false,1.0,4,4,true,false,0.0204,0.4259,false,false,false,false,true,flagged
E1,20182019,2018020794,2019-02-02,NYI,LAK,0.471,0.6206,-0.1496,-0.0233,-0.1823,-0.0467,-0.0068,0.039,-0.0173,-0.0291,0.0,-0.0671,0.1853,false,0,0,false,1.0,1,4,false,false,0.4921,-0.1161,false,true,false,false,true,flagged
E1,20182019,2018020866,2019-02-12,CBJ,WSH,0.6712,0.5863,0.085,0.1627,0.0214,0.1464,0.0038,-0.0313,0.1742,0.0058,0.0,0.017,0.1813,true,0,0,false,1.0,3,1,true,false,0.3487,0.7136,false,false,false,false,true,flagged
E1,20182019,2018020876,2019-02-13,ANA,VAN,0.5777,0.4548,0.1229,-0.0261,0.0214,-0.0467,0.0038,-0.0284,0.1742,0.0058,0.0,-0.0033,0.1804,true,0,0,false,1.0,4,2,true,false,-0.1813,0.3133,false,false,false,false,true,flagged
E1,20182019,2018020880,2019-02-14,TBL,DAL,0.5557,0.6589,-0.1033,0.1338,0.0214,-0.0467,-0.0005,-0.0022,-0.0173,0.0058,0.0,-0.0847,0.1819,false,0,0,false,1.0,2,2,true,false,0.6584,0.2237,false,false,false,false,false,random sample
E1,20182019,2018020886,2019-02-14,LAK,VAN,0.6922,0.5648,0.1273,0.217,0.0214,0.1464,0.0038,-0.0464,0.1742,0.0058,0.0,0.074,0.1819,true,0,0,false,1.0,3,1,true,false,0.2607,0.8104,false,false,false,false,true,flagged
E1,20182019,2018020904,2019-02-17,PIT,NYR,0.5918,0.6905,-0.0986,0.4407,-0.1823,-0.0467,-0.0026,-0.0023,-0.0173,0.0058,0.0,-0.0352,0.1791,false,0,0,false,1.0,1,2,true,false,0.8025,0.3714,false,false,false,false,false,random sample
E1,20182019,2018020906,2019-02-17,NJD,BUF,0.5708,0.4668,0.104,0.0783,0.0214,-0.0467,-0.0005,-0.0184,0.0466,0.0058,0.0,-0.0127,0.1791,false,0,0,false,1.0,2,2,true,false,-0.133,0.2851,false,false,false,false,false,random sample
E1,20182019,2018020964,2019-02-25,TBL,LAK,0.5815,0.7853,-0.2037,0.2337,0.0214,-0.0467,0.0038,-0.0022,-0.0173,0.0058,0.0,-0.0777,0.1759,false,0,0,false,1.0,4,2,true,false,1.2968,0.3289,false,false,false,false,false,over 20 points
E1,20182019,2018020980,2019-02-27,NJD,CGY,0.5313,0.3209,0.2103,-0.2667,0.0214,0.1464,0.0016,-0.0049,-0.0173,0.0058,0.0,0.0265,0.1802,false,0,0,false,1.0,2,1,true,false,-0.7496,0.1254,false,false,false,false,false,over 20 points
E1,20182019,2018020984,2019-02-28,BOS,TBL,0.6206,0.5297,0.0909,0.0485,0.0214,0.1464,0.0016,-0.0021,-0.0173,0.0058,0.0,0.0763,0.1791,false,0,0,false,1.0,2,1,true,false,0.1189,0.4921,false,false,false,false,false,random sample
E1,20182019,2018020990,2019-02-28,LAK,DAL,0.5607,0.4668,0.0939,-0.0766,0.0214,-0.0467,-0.0005,-0.0416,0.1742,0.0058,0.0,-0.0034,0.1791,true,0,0,false,1.0,2,2,true,false,-0.133,0.244,false,false,false,false,true,flagged
E1,20182019,2018020998,2019-03-01,SJS,COL,0.6815,0.5954,0.0861,0.4487,0.0214,-0.0467,0.0016,-0.037,0.1742,-0.0058,0.0,-0.0089,0.1809,true,0,0,false,1.0,3,2,true,false,0.3863,0.7607,false,false,false,false,true,flagged
E1,20182019,2018021004,2019-03-02,TBL,OTT,0.6337,0.8343,-0.2006,0.3653,0.0214,-0.0467,-0.0005,-0.0043,-0.0173,0.0058,0.0,0.0117,0.1804,false,0,0,false,1.0,2,2,true,false,1.6164,0.5481,false,false,false,false,false,over 20 points
E1,20182019,2018021005,2019-03-02,FLA,CAR,0.5565,0.4668,0.0897,-0.3405,0.0214,0.1464,0.0016,-0.0323,0.1742,0.0058,0.0,0.0376,0.1804,true,0,0,false,1.0,2,1,true,false,-0.133,0.227,false,false,false,false,true,flagged
E1,20182019,2018021010,2019-03-03,NYI,PHI,0.4908,0.5954,-0.1046,-0.1796,0.0214,-0.0467,-0.0005,-0.0049,-0.0173,0.0058,0.0,-0.027,0.1797,false,0,0,false,1.0,2,2,false,false,0.3863,-0.0368,false,true,false,false,true,flagged
E1,20182019,2018021021,2019-03-05,NYI,OTT,0.5858,0.7513,-0.1655,0.1072,0.0214,-0.0467,-0.0005,0.0139,-0.0173,0.0058,0.0,0.0547,0.1759,false,0,0,false,1.0,2,2,false,false,1.1056,0.3466,false,true,false,false,true,flagged
E1,20182019,2018021035,2019-03-07,OTT,NYI,0.4926,0.3404,0.1522,-0.1388,0.0214,-0.0467,-0.0005,-0.0055,-0.0173,0.0058,0.0,-0.0584,0.178,false,0,0,false,1.0,2,2,true,false,-0.6615,-0.0296,false,false,false,false,false,random sample
E1,20182019,2018021042,2019-03-07,LAK,STL,0.555,0.3474,0.2076,-0.2188,0.0214,0.1464,0.0016,-0.005,-0.0173,0.0058,0.0,0.0764,0.178,false,0,0,false,1.0,2,1,true,false,-0.6305,0.2209,false,false,false,false,false,over 20 points
E1,20182019,2018021045,2019-03-08,WSH,NJD,0.5262,0.7664,-0.2402,-0.0646,0.0214,-0.0467,-0.0026,-0.0041,-0.0173,0.0058,0.0,-0.0003,0.1811,false,0,0,false,1.0,2,3,true,false,1.1881,0.1049,false,false,false,false,false,over 20 points
E1,20182019,2018021052,2019-03-09,NYI,PHI,0.4974,0.5791,-0.0817,-0.1541,0.0214,-0.0467,-0.0026,-0.0097,-0.0173,0.0058,0.0,-0.0217,0.1823,false,0,0,false,1.0,2,3,false,false,0.3191,-0.0104,false,true,false,false,true,flagged
E1,20182019,2018021072,2019-03-12,BUF,DAL,0.5119,0.4119,0.0999,-0.1754,0.0214,-0.0467,-0.0005,-0.0085,0.1104,-0.0058,0.0,-0.0647,0.1852,false,0,0,false,1.0,3,3,true,false,-0.3561,0.0476,false,false,false,false,false,random sample
E1,20182019,2018021075,2019-03-12,MTL,DET,0.6581,0.7726,-0.1146,0.2972,0.0214,-0.0467,0.0038,-0.0247,0.1742,0.0058,0.0,0.0064,0.1852,true,0,0,false,1.0,4,2,true,false,1.2231,0.6548,false,false,false,false,true,flagged
E1,20182019,2018021087,2019-03-14,DET,TBL,0.4342,0.2044,0.2298,-0.4513,0.0214,-0.0467,-0.0026,-0.0111,-0.0173,0.0058,0.0,0.0196,0.1852,false,0,0,false,1.0,2,3,true,false,-1.359,-0.2647,false,false,false,false,false,over 20 points
E1,20182019,2018021104,2019-03-16,OTT,TOR,0.4876,0.2707,0.2169,-0.359,0.0214,0.1464,0.0016,-0.0018,-0.0173,0.0058,0.0,-0.0617,0.1826,false,0,0,false,1.0,2,1,true,false,-0.9911,-0.0496,false,false,false,false,false,over 20 points
E1,20182019,2018021122,2019-03-19,NJD,WSH,0.5775,0.2964,0.2811,0.0383,0.0214,-0.0467,-0.0026,-0.0166,0.1104,0.0058,0.0,-0.0115,0.1818,false,0,0,false,1.0,2,3,true,false,-0.8645,0.3125,false,false,false,false,false,over 20 points
E1,20182019,2018021137,2019-03-21,NJD,BOS,0.4556,0.2265,0.2291,-0.3364,0.0214,-0.0467,-0.0005,-0.0049,-0.0173,0.0058,0.0,-0.0111,0.1794,false,0,0,false,1.0,2,2,true,false,-1.2282,-0.1781,false,false,false,false,false,over 20 points
E1,20182019,2018021153,2019-03-23,EDM,OTT,0.5882,0.7073,-0.1191,0.1416,0.0214,-0.0467,-0.0005,-0.0023,-0.0173,0.0058,0.0,0.0423,0.1799,false,0,0,false,1.0,2,2,true,false,0.8823,0.3565,false,false,false,false,false,random sample
E1,20182019,2018021156,2019-03-23,FLA,BOS,0.4886,0.4058,0.0828,-0.2116,0.0214,-0.0467,-0.0005,0.0137,-0.0173,0.0058,0.0,-0.0227,0.1799,false,0,0,false,1.0,2,2,true,false,-0.3814,-0.0456,false,false,false,false,false,random sample
E1,20182019,2018021208,2019-03-30,NYI,BUF,0.5951,0.6775,-0.0824,0.1333,0.0214,-0.0467,-0.0005,-0.0233,0.0466,0.0058,0.0,0.0347,0.1815,false,0,0,false,1.0,2,2,false,false,0.7423,0.3851,false,true,false,false,true,flagged
E1,20212022,2021020001,2021-10-12,TBL,PIT,0.5504,0.7026,-0.1523,0.0473,0.0277,-0.0501,0.0036,0.0003,-0.0099,0.0018,0.002,0.0316,0.1374,false,0,0,false,1.0,4,4,true,true,0.8597,0.2023,false,false,false,false,true,flagged
E1,20212022,2021020015,2021-10-13,ANA,WPG,0.5063,0.4087,0.0977,-0.088,0.0277,-0.0501,0.0036,0.0007,-0.0099,-0.0057,0.002,-0.0029,0.1372,false,0,0,false,1.0,4,4,true,true,-0.3693,0.0252,false,false,false,false,true,flagged
E1,20212022,2021020007,2021-10-14,BUF,MTL,0.4901,0.4087,0.0814,-0.349,0.0277,0.1645,-0.049,-0.0001,-0.0099,0.0018,0.002,0.0188,0.143,false,0,0,false,1.0,4,1,true,true,-0.3693,-0.0396,false,false,false,false,true,flagged
E1,20212022,2021020010,2021-10-14,FLA,PIT,0.5264,0.6225,-0.0961,-0.0248,0.0277,-0.0501,-0.0315,-0.0001,-0.0099,0.0018,0.002,0.0369,0.143,false,0,0,false,1.0,4,2,true,true,0.5002,0.1057,false,false,false,false,true,flagged
E1,20212022,2021020011,2021-10-14,NYR,DAL,0.3934,0.5554,-0.162,-0.3701,-0.2289,-0.0501,0.0562,0.0005,-0.0099,-0.0019,0.002,0.0157,0.143,false,0,0,false,1.0,1,4,true,true,0.2225,-0.433,false,false,false,false,true,flagged
E1,20212022,2021020020,2021-10-16,BOS,DAL,0.5457,0.628,-0.0823,0.0901,0.0277,-0.0501,-0.0315,-0.0001,-0.0099,0.0018,0.002,-0.0017,0.1444,false,0,0,false,1.0,4,2,true,true,0.5236,0.1833,false,false,false,false,true,flagged
E1,20212022,2021020023,2021-10-16,MTL,NYR,0.5739,0.4928,0.0811,0.2497,0.0277,-0.0501,0.0036,-0.0002,-0.0099,0.0018,0.002,-0.0819,0.1444,false,0,0,false,1.0,2,2,true,true,-0.0288,0.2978,false,false,false,false,true,flagged
E1,20212022,2021020024,2021-10-16,DET,VAN,0.559,0.4565,0.1025,-0.0925,0.0277,0.1645,-0.0139,0.0001,-0.0099,0.0018,0.002,0.0023,0.1444,false,0,0,false,1.0,2,1,true,true,-0.1744,0.2371,false,false,false,false,true,flagged
E1,20212022,2021020026,2021-10-16,PIT,CHI,0.677,0.5512,0.1258,0.4573,0.0277,0.1645,-0.0139,-0.0006,-0.0099,0.0018,0.002,-0.0439,0.1444,false,0,0,false,1.0,2,1,true,true,0.2055,0.74,false,false,false,false,true,flagged
E1,20212022,2021020031,2021-10-16,EDM,CGY,0.4949,0.5844,-0.0895,-0.2195,0.0277,-0.0501,0.0211,-0.0001,-0.0099,0.0018,0.002,0.0516,0.1444,false,0,0,false,1.0,3,4,true,true,0.3409,-0.0204,false,false,false,false,true,flagged
E1,20212022,2021020033,2021-10-16,SJS,WPG,0.5743,0.4347,0.1397,0.2681,0.0277,-0.0501,-0.0139,0.0,-0.0099,0.0018,0.002,-0.0813,0.1444,false,0,0,false,1.0,4,3,true,true,-0.2627,0.2994,false,false,false,false,true,flagged
E1,20212022,2021020038,2021-10-18,ARI,STL,0.5152,0.3627,0.1526,-0.1085,0.0277,-0.0501,0.0036,-0.0009,0.098,-0.0019,0.002,-0.0688,0.1493,false,0,0,false,1.0,2,2,true,true,-0.5637,0.0608,false,false,false,false,true,flagged
E1,20212022,2021020039,2021-10-19,BUF,VAN,0.5311,0.4,0.1311,0.0885,0.0277,-0.0501,0.0036,-0.0,-0.0099,0.0018,0.002,-0.096,0.1464,false,0,0,false,1.0,3,3,true,true,-0.4055,0.1246,false,false,false,false,true,flagged
E1,20212022,2021020051,2021-10-20,VGK,STL,0.641,0.5293,0.1117,0.495,0.0277,-0.0501,-0.0315,-0.0002,-0.0099,0.0018,0.002,-0.0148,0.1491,false,0,0,false,1.0,4,2,true,true,0.1173,0.5797,false,false,false,false,true,flagged
E1,20212022,2021020061,2021-10-21,ARI,EDM,0.4737,0.3319,0.1418,-0.1561,0.0277,-0.0501,-0.0139,0.0006,-0.0099,-0.0019,0.002,-0.0631,0.1489,false,0,0,false,1.0,3,2,true,true,-0.6996,-0.1053,false,false,false,false,true,flagged
E1,20212022,2021020065,2021-10-22,VGK,EDM,0.6852,0.5338,0.1514,0.4325,0.0277,0.1645,-0.0139,-0.0,-0.0099,0.0018,0.002,0.0193,0.1432,false,0,0,false,1.0,2,1,true,true,0.1354,0.7778,false,false,false,false,true,flagged
E1,20212022,2021020071,2021-10-23,PIT,TOR,0.5105,0.3765,0.134,-0.2061,0.0277,0.1645,-0.049,-0.0,-0.0099,0.0018,0.002,-0.04,0.1404,false,0,0,false,1.0,4,1,true,true,-0.5044,0.042,false,false,false,false,true,flagged
E1,20212022,2021020072,2021-10-23,WSH,CGY,0.4877,0.5818,-0.0942,-0.1861,0.0277,-0.0501,0.0036,-0.0001,-0.0099,0.0018,0.002,0.0108,0.1404,false,0,0,false,1.0,2,2,true,true,0.3302,-0.0492,false,false,false,false,true,flagged
E1,20212022,2021020076,2021-10-23,WPG,NSH,0.4549,0.5383,-0.0834,-0.2965,0.0277,-0.0501,0.0036,0.0005,-0.0099,0.0018,0.002,-0.011,0.1404,false,0,0,false,1.0,2,2,true,true,0.1535,-0.1809,false,false,false,false,true,flagged
E1,20212022,2021020077,2021-10-23,ARI,NYI,0.4551,0.3383,0.1168,-0.2295,0.0277,-0.0501,0.0036,0.0008,-0.0099,-0.0094,0.002,-0.0663,0.1404,false,0,0,false,1.0,2,2,true,true,-0.6709,-0.1801,false,false,false,false,true,flagged
E1,20212022,2021020079,2021-10-24,BOS,SJS,0.5837,0.6791,-0.0954,0.2236,0.0277,-0.0501,0.0036,-0.0001,-0.0099,0.0018,0.002,-0.0093,0.1382,false,0,0,false,1.0,2,2,true,true,0.7496,0.338,false,false,false,false,true,flagged
E1,20212022,2021020082,2021-10-24,VGK,NYI,0.6613,0.5361,0.1253,0.3508,0.0277,0.1645,-0.0139,-0.0,-0.0099,0.0018,0.002,-0.0026,0.1382,false,0,0,false,1.0,2,1,true,true,0.1447,0.6691,false,false,false,false,true,flagged
E1,20212022,2021020086,2021-10-25,NYR,CGY,0.4488,0.5674,-0.1186,-0.3997,0.0277,-0.0501,0.0036,-0.0002,-0.0099,0.0018,0.002,0.0733,0.1354,false,0,0,false,1.0,2,2,true,true,0.2713,-0.2055,false,false,false,false,true,flagged
E1,20212022,2021020089,2021-10-25,STL,LAK,0.5352,0.622,-0.0868,0.0084,0.0277,-0.0501,0.0036,-0.0002,-0.0099,0.0018,0.002,0.0117,0.1354,false,0,0,false,1.0,2,2,true,true,0.498,0.141,false,false,false,false,true,flagged
E1,20212022,2021020101,2021-10-27,EDM,PHI,0.5391,0.6488,-0.1097,-0.0301,0.0277,-0.0501,0.0036,0.0003,0.026,-0.0057,0.002,0.0381,0.1343,false,0,0,false,1.0,4,4,true,true,0.6138,0.1567,false,false,false,false,true,flagged
E1,20212022,2021020220,2021-11-13,WPG,LAK,0.4996,0.6178,-0.1182,-0.1422,0.0277,-0.0501,0.0036,0.0004,-0.0099,-0.0019,0.002,0.0102,0.148,false,0,0,false,1.0,2,2,true,false,0.4802,-0.0016,false,false,false,false,false,random sample
E1,20212022,2021020300,2021-11-24,ARI,EDM,0.527,0.3258,0.2013,-0.2372,0.0277,0.1645,-0.0315,0.0002,0.026,-0.0019,0.002,-0.0093,0.157,false,0,0,false,1.0,3,1,true,false,-0.7272,0.1081,false,false,false,false,false,over 20 points
E1,20212022,2021020424,2021-12-11,STL,MTL,0.5375,0.6928,-0.1553,-0.0226,0.0277,-0.0501,0.0036,0.0004,-0.0099,-0.0019,0.002,0.0396,0.151,false,0,0,false,1.0,2,2,true,false,0.8132,0.1503,false,false,false,false,false,random sample
E1,20212022,2021020568,2022-01-01,FLA,MTL,0.6089,0.8373,-0.2284,0.2275,0.0277,-0.0501,0.0036,0.0002,-0.0099,0.0018,0.002,0.0735,0.1558,false,0,0,false,1.0,2,2,true,false,1.6383,0.4427,false,false,false,false,false,over 20 points
E1,20212022,2021020582,2022-01-02,VGK,WPG,0.6568,0.5512,0.1056,0.5225,0.0277,-0.0501,0.0387,0.0006,-0.0099,-0.0057,0.002,-0.0463,0.159,false,0,0,false,1.0,2,4,true,false,0.2055,0.6491,false,false,false,false,false,random sample
E1,20212022,2021020596,2022-01-05,TOR,EDM,0.6365,0.746,-0.1094,0.4159,0.0277,-0.0501,-0.0315,0.0,-0.0099,0.0018,-0.0266,0.0645,0.1578,false,0,0,false,0.0,4,2,true,false,1.0774,0.5602,false,false,false,true,true,flagged
E1,20212022,2021020604,2022-01-06,PHI,PIT,0.5076,0.2952,0.2124,-0.3664,0.0277,0.1645,-0.0139,-0.0014,0.098,0.0018,0.002,-0.0521,0.1596,false,0,0,false,1.0,2,1,true,false,-0.8703,0.0304,false,false,false,false,false,over 20 points
E1,20212022,2021020655,2022-01-13,CHI,MTL,0.567,0.6861,-0.1192,-0.1898,0.0277,0.1645,-0.0139,0.0002,0.026,-0.0019,0.002,0.0801,0.1642,false,0,0,false,1.0,2,1,true,false,0.7819,0.2696,false,false,false,false,false,random sample
E1,20212022,2021020671,2022-01-15,PHI,NYR,0.5395,0.4018,0.1377,0.1298,0.0277,-0.0501,0.0036,0.0011,-0.0099,-0.0094,0.002,-0.1138,0.1669,false,0,0,false,1.0,2,2,true,false,-0.398,0.1583,false,false,false,false,false,random sample
E1,20212022,2021020698,2022-01-18,CGY,FLA,0.5288,0.4147,0.1141,0.0398,0.0277,-0.0501,-0.0139,0.0013,-0.0099,-0.0057,-0.0123,-0.0391,0.167,false,0,0,false,0.5,4,3,true,false,-0.3446,0.1153,false,false,false,true,true,flagged
E1,20212022,2021020718,2022-01-21,VAN,FLA,0.4884,0.3319,0.1565,-0.476,0.0277,0.1645,-0.0315,-0.0011,0.062,-0.0019,-0.0123,0.0496,0.1619,false,0,0,false,0.5,3,1,true,false,-0.6996,-0.0464,false,false,false,true,true,flagged
E1,20212022,2021020719,2022-01-21,ANA,TBL,0.4231,0.2721,0.151,-0.5208,0.0277,-0.0501,0.0211,-0.0002,-0.0099,0.0018,0.002,0.0458,0.1619,false,0,0,false,1.0,2,3,true,false,-0.984,-0.3101,false,false,false,false,false,random sample
E1,20212022,2021020735,2022-01-23,VAN,STL,0.4773,0.3765,0.1008,-0.1926,0.0277,-0.0501,0.0036,-0.0001,-0.0099,0.0018,-0.0123,-0.0345,0.165,false,0,0,false,0.5,2,2,true,false,-0.5044,-0.0909,false,false,false,true,true,flagged
E1,20212022,2021020749,2022-01-25,WPG,FLA,0.4574,0.3647,0.0928,-0.3488,0.0277,-0.0501,0.0036,-0.0001,0.026,-0.0057,-0.0262,0.028,0.1641,false,0,0,false,0.016,2,2,true,false,-0.555,-0.1708,false,false,false,true,true,flagged
E1,20212022,2021020757,2022-01-27,MTL,ANA,0.6123,0.4245,0.1879,0.1965,0.0277,0.1645,-0.0315,-0.0005,0.026,0.0018,-0.0266,-0.0738,0.1623,false,0,0,false,0.0,3,1,true,false,-0.3043,0.457,false,false,false,true,true,flagged
E1,20212022,2021020759,2022-01-27,TBL,NJD,0.6431,0.7608,-0.1177,0.3258,0.0277,-0.0501,-0.0315,-0.001,0.098,0.0018,0.002,0.0432,0.1623,false,0,0,false,1.0,4,2,true,false,1.1571,0.5888,false,false,false,false,false,random sample
E1,20212022,2021020763,2022-01-27,CBJ,NYR,0.4472,0.3517,0.0955,0.0076,-0.2289,-0.0501,0.0387,0.0001,-0.0099,0.0018,0.002,-0.1461,0.1623,false,0,0,false,1.0,1,3,true,false,-0.6116,-0.212,false,false,false,false,false,random sample
E1,20212022,2021020772,2022-01-29,MTL,EDM,0.4801,0.2952,0.185,-0.1446,0.0277,-0.0501,0.0036,0.0009,-0.0099,-0.0057,-0.0266,-0.0422,0.1568,false,0,0,false,0.0,2,2,true,false,-0.8703,-0.0796,false,false,false,true,true,flagged
E1,20212022,2021020773,2022-01-29,OTT,ANA,0.5316,0.4087,0.1229,0.111,0.0277,-0.0501,0.0036,-0.0001,-0.0099,0.0018,-0.0266,-0.0981,0.1568,false,0,0,false,0.0,2,2,true,false,-0.3693,0.1266,false,false,false,true,true,flagged
E1,20212022,2021020683,2022-01-31,TOR,NJD,0.6623,0.767,-0.1047,0.5058,0.0277,-0.0501,0.0036,0.0,-0.0099,0.0018,-0.0259,0.0552,0.1547,false,0,0,false,0.027,2,2,true,false,1.1914,0.6736,false,false,false,true,true,flagged
E1,20212022,2021020791,2022-01-31,OTT,EDM,0.4684,0.3319,0.1365,-0.2125,0.0277,-0.0501,0.0036,-0.0001,-0.0099,0.0018,-0.0259,-0.0265,0.1547,false,0,0,false,0.027,2,2,true,false,-0.6996,-0.1266,false,false,false,true,true,flagged
E1,20212022,2021020487,2022-02-08,VAN,ARI,0.5893,0.6791,-0.0898,0.1006,0.0277,-0.0501,0.0036,-0.0006,0.062,-0.0019,-0.0123,0.0675,0.154,false,0,0,false,0.5,4,4,true,false,0.7496,0.3611,false,false,false,true,true,flagged
E1,20212022,2021020531,2022-02-08,WPG,MIN,0.4907,0.4018,0.0889,-0.2731,0.0277,-0.0501,0.0036,-0.0005,0.026,0.0018,-0.0123,0.0751,0.154,false,0,0,false,0.5,4,4,true,false,-0.398,-0.0372,false,false,false,true,true,flagged
E1,20212022,2021020587,2022-02-10,MTL,WSH,0.4704,0.3017,0.1687,-0.1741,0.0277,-0.0501,0.0036,0.0001,-0.0099,0.0018,-0.0266,-0.0521,0.1506,false,0,0,false,0.0,2,2,true,false,-0.8392,-0.1185,false,false,false,true,true,flagged
E1,20212022,2021020630,2022-02-12,MTL,CBJ,0.5486,0.4347,0.114,0.1478,0.0277,-0.0501,0.0036,0.0,-0.0099,0.0018,-0.0266,-0.0572,0.1473,false,0,0,false,0.0,2,2,true,false,-0.2627,0.195,false,false,false,true,true,flagged
E1,20212022,2021020495,2022-02-15,OTT,STL,0.4853,0.3141,0.1712,-0.1066,0.0277,-0.0501,0.0211,0.0001,-0.0099,-0.0019,-0.0259,-0.0667,0.1429,false,0,0,false,0.027,2,3,true,false,-0.781,-0.0588,false,false,false,true,true,flagged
E1,20212022,2021020514,2022-02-15,PIT,PHI,0.6409,0.7495,-0.1086,0.3716,0.0277,-0.0501,0.0211,-0.0002,-0.0099,0.0018,0.002,0.0618,0.1429,false,0,0,false,1.0,2,3,true,false,1.0959,0.5793,false,false,false,false,false,random sample
E1,20212022,2021020796,2022-02-17,MTL,STL,0.48,0.2764,0.2036,-0.0572,0.0277,-0.0501,-0.0315,-0.0001,-0.0099,0.0018,-0.0266,-0.0859,0.1412,false,0,0,false,0.0,4,2,true,false,-0.9624,-0.08,false,false,false,true,true,flagged
E1,20212022,2021020518,2022-02-19,CGY,SEA,0.6216,0.726,-0.1044,0.4035,0.0277,-0.0501,-0.0139,0.0003,-0.0099,-0.0019,-0.0123,0.0038,0.1387,false,0,0,false,0.5,3,2,true,false,0.9744,0.4963,false,false,false,true,true,flagged
E1,20212022,2021020263,2022-02-20,OTT,NYR,0.4425,0.313,0.1295,0.0167,-0.2289,-0.0501,0.0387,0.0,-0.0099,0.0018,-0.0123,-0.1316,0.1341,false,0,0,false,0.5,1,3,true,false,-0.7861,-0.231,false,false,false,true,true,flagged
E1,20212022,2021020601,2022-02-21,MTL,TOR,0.3132,0.2108,0.1024,-0.5589,-0.2289,-0.0501,0.0211,-0.0002,-0.0099,0.0018,-0.0123,-0.0886,0.1303,false,0,0,false,0.5,1,2,true,false,-1.3201,-0.7852,false,false,false,true,true,flagged
E1,20212022,2021020584,2022-02-22,OTT,MIN,0.4436,0.3017,0.1419,-0.3127,0.0277,-0.0501,0.0036,0.0009,-0.0099,-0.0057,-0.0123,-0.0111,0.1325,false,0,0,false,0.5,2,2,true,false,-0.8392,-0.2266,false,false,false,true,true,flagged
E1,20212022,2021021273,2022-02-23,MTL,BUF,0.6021,0.5152,0.0869,0.2638,0.0277,-0.0501,0.0211,0.0002,-0.0099,0.0018,-0.0123,0.0291,0.1322,false,0,0,false,0.5,2,3,true,false,0.0608,0.4142,false,false,false,true,true,flagged
E1,20212022,2021020830,2022-02-26,OTT,MTL,0.5101,0.6017,-0.0916,-0.0559,0.0277,-0.0501,-0.0139,-0.0001,-0.0099,0.0018,-0.0123,0.0056,0.137,false,0,0,false,0.5,4,3,true,false,0.4126,0.0404,false,false,false,true,true,flagged
E1,20212022,2021020897,2022-03-06,ANA,SJS,0.5339,0.628,-0.094,-0.2515,0.0277,0.1645,-0.0139,0.0,-0.0099,0.0018,0.002,0.0684,0.1361,false,0,0,false,1.0,2,1,true,false,0.5236,0.1358,false,false,false,false,false,random sample
E1,20212022,2021020906,2022-03-08,PIT,FLA,0.5574,0.4681,0.0893,-0.0224,0.0277,0.1645,-0.049,-0.0003,-0.0099,0.0018,0.002,-0.0274,0.133,false,0,0,false,1.0,4,1,true,false,-0.1278,0.2306,false,false,false,false,false,random sample
E1,20212022,2021020975,2022-03-17,VGK,FLA,0.5528,0.3503,0.2025,0.0408,0.0277,-0.0501,0.0036,-0.0007,0.062,0.0018,0.002,-0.0287,0.1429,false,0,0,false,1.0,2,2,true,false,-0.6177,0.212,false,false,false,false,false,over 20 points
E1,20212022,2021020995,2022-03-20,WSH,DAL,0.5187,0.6099,-0.0912,-0.2384,0.0277,0.1645,-0.0139,-0.0002,-0.0099,0.0018,0.002,-0.0116,0.1422,false,0,0,false,1.0,2,1,true,false,0.4469,0.0748,false,false,false,false,false,random sample
E1,20212022,2021021124,2022-04-06,STL,SEA,0.5561,0.6791,-0.123,0.0621,0.0277,-0.0501,0.0211,0.0008,-0.0099,-0.0057,0.002,0.0298,0.137,false,0,0,false,1.0,2,3,true,false,0.7496,0.2253,false,false,false,false,false,random sample
E1,20212022,2021021180,2022-04-13,COL,LAK,0.6201,0.7026,-0.0825,0.1868,0.0277,0.1645,-0.049,-0.0002,-0.0099,-0.0019,0.002,0.0295,0.1299,false,0,0,false,1.0,4,1,true,false,0.8597,0.49,false,false,false,false,false,random sample
E1,20212022,2021021212,2022-04-17,PHI,BUF,0.5814,0.4928,0.0886,0.2102,-0.2289,0.1645,0.0036,-0.0002,-0.0099,0.0018,0.002,0.0385,0.1364,false,0,0,false,1.0,1,1,true,false,-0.0288,0.3285,false,false,false,false,false,random sample
E1,20212022,2021021219,2022-04-18,VGK,NJD,0.6256,0.7529,-0.1273,0.3222,0.0277,-0.0501,0.0036,-0.0004,0.026,0.0018,0.002,0.0338,0.1361,false,0,0,false,1.0,2,2,true,false,1.1141,0.5134,false,false,false,false,false,random sample
E1,20212022,2021021247,2022-04-22,ARI,WSH,0.3831,0.2108,0.1723,-0.5666,0.0277,-0.0501,0.0036,-0.0,-0.0099,0.0018,0.002,-0.0308,0.1353,false,0,0,false,1.0,2,2,true,false,-1.3201,-0.4764,false,false,false,false,false,random sample
E1,20212022,2021021250,2022-04-23,OTT,MTL,0.502,0.5844,-0.0824,0.0693,-0.2289,-0.0501,0.0211,-0.0004,-0.0099,0.0018,0.002,0.0574,0.1351,false,0,0,false,1.0,1,2,true,false,0.3409,0.008,false,false,false,false,false,random sample
E1,20212022,2021021269,2022-04-24,VGK,SJS,0.6863,0.767,-0.0807,0.4678,0.0277,0.1645,-0.049,0.0001,-0.0099,0.0018,0.002,0.0286,0.1388,false,0,0,false,1.0,4,1,true,false,1.1914,0.7829,false,false,false,false,false,random sample
E1,20212022,2021021276,2022-04-26,TBL,CBJ,0.6749,0.7857,-0.1108,0.5875,0.0277,-0.0501,0.0036,0.0002,-0.0099,0.0018,0.002,0.0217,0.1354,false,0,0,false,1.0,2,2,true,false,1.2992,0.7304,false,false,false,false,false,random sample
