experiment,season,game_id,game_date,home,away,p_b3,p_b1,gap
E1,20182019,2018020005,2018-10-04,BUF,BOS,0.5036,0.422,0.0817
E1,20182019,2018020006,2018-10-04,NYR,NSH,0.4508,0.3546,0.0962
E1,20182019,2018020008,2018-10-04,CAR,NYI,0.5185,0.6125,-0.0941
E1,20182019,2018020014,2018-10-04,VGK,PHI,0.546,0.6455,-0.0995
E1,20182019,2018020020,2018-10-06,NJD,EDM,0.5829,0.4794,0.1035
E1,20182019,2018020035,2018-10-08,ANA,DET,0.7199,0.6384,0.0815
E1,20182019,2018020067,2018-10-13,DAL,ANA,0.5033,0.6125,-0.1092
E1,20182019,2018020072,2018-10-14,STL,ANA,0.484,0.6041,-0.1201
E1,20182019,2018020079,2018-10-16,NYR,COL,0.561,0.4324,0.1286
E1,20182019,2018020089,2018-10-17,ANA,NYI,0.6831,0.5791,0.104
E1,20182019,2018020090,2018-10-18,TOR,PIT,0.4889,0.5729,-0.084
E1,20182019,2018020095,2018-10-18,CHI,ARI,0.502,0.5863,-0.0843
E1,20182019,2018020096,2018-10-18,EDM,BOS,0.5769,0.4548,0.1221
E1,20182019,2018020113,2018-10-20,VGK,ANA,0.5233,0.6254,-0.1021
E1,20182019,2018020115,2018-10-21,NYR,CGY,0.5476,0.4434,0.1042
E1,20182019,2018020122,2018-10-23,NYR,FLA,0.5488,0.422,0.1268
E1,20182019,2018020127,2018-10-23,CHI,ANA,0.4402,0.5791,-0.1389
E1,20182019,2018020133,2018-10-24,VGK,VAN,0.6512,0.7361,-0.085
E1,20182019,2018020137,2018-10-25,STL,CBJ,0.4647,0.5648,-0.1001
E1,20182019,2018020140,2018-10-25,DAL,ANA,0.5036,0.5954,-0.0918
E1,20182019,2018020164,2018-10-28,ANA,SJS,0.5592,0.4058,0.1534
E1,20182019,2018020176,2018-10-30,ANA,PHI,0.5962,0.4922,0.104
E1,20182019,2018020177,2018-10-30,SJS,NYR,0.6261,0.731,-0.1049
E1,20182019,2018020207,2018-11-04,OTT,TBL,0.3961,0.3034,0.0927
E1,20182019,2018020208,2018-11-04,NYR,BUF,0.6318,0.5412,0.0906
E1,20182019,2018020209,2018-11-04,ANA,CBJ,0.6338,0.5389,0.0948
E1,20182019,2018020216,2018-11-06,NYR,MTL,0.6194,0.5249,0.0945
E1,20182019,2018020222,2018-11-06,LAK,ANA,0.4908,0.5863,-0.0954
E1,20182019,2018020226,2018-11-07,ANA,CGY,0.5265,0.4119,0.1146
E1,20182019,2018020241,2018-11-09,ANA,MIN,0.6151,0.4999,0.1152
E1,20182019,2018020263,2018-11-12,ANA,NSH,0.5203,0.4058,0.1146
E1,20182019,2018020276,2018-11-14,VGK,ANA,0.5155,0.631,-0.1155
E1,20182019,2018020291,2018-11-16,ANA,TOR,0.6365,0.4548,0.1817
E1,20182019,2018020296,2018-11-17,NYR,FLA,0.5125,0.4324,0.0801
E1,20182019,2018020298,2018-11-17,VAN,MTL,0.5232,0.4324,0.0908
E1,20182019,2018020307,2018-11-18,ANA,COL,0.5943,0.4434,0.1509
E1,20182019,2018020320,2018-11-21,NYR,NYI,0.5852,0.4794,0.1058
E1,20182019,2018020331,2018-11-21,LAK,COL,0.5496,0.4434,0.1062
E1,20182019,2018020337,2018-11-23,ANA,EDM,0.5662,0.4845,0.0817
E1,20182019,2018020360,2018-11-25,NSH,ANA,0.5739,0.7024,-0.1285
E1,20182019,2018020370,2018-11-27,TBL,ANA,0.5833,0.6905,-0.1071
E1,20182019,2018020374,2018-11-27,CHI,VGK,0.524,0.4434,0.0807
E1,20182019,2018020386,2018-11-29,NSH,ARI,0.6145,0.6973,-0.0827
E1,20182019,2018020392,2018-11-30,CAR,ANA,0.55,0.6455,-0.0955
E1,20182019,2018020398,2018-12-01,MTL,NYR,0.5477,0.6455,-0.0978
E1,20182019,2018020407,2018-12-02,WSH,ANA,0.5357,0.6589,-0.1232
E1,20182019,2018020412,2018-12-02,LAK,CAR,0.5284,0.422,0.1064
E1,20182019,2018020427,2018-12-05,ANA,CHI,0.6738,0.5628,0.111
E1,20182019,2018020443,2018-12-07,ANA,CAR,0.597,0.4743,0.1227
E1,20182019,2018020445,2018-12-08,LAK,VGK,0.5226,0.3987,0.1239
E1,20182019,2018020460,2018-12-09,VGK,DAL,0.4941,0.5863,-0.0922
E1,20182019,2018020468,2018-12-11,CAR,TOR,0.5061,0.422,0.0841
E1,20182019,2018020478,2018-12-12,ANA,DAL,0.6037,0.5177,0.086
E1,20182019,2018020487,2018-12-14,NJD,VGK,0.5664,0.4119,0.1545
E1,20182019,2018020497,2018-12-15,FLA,TOR,0.4886,0.3897,0.0989
E1,20182019,2018020501,2018-12-15,CBJ,ANA,0.5381,0.6206,-0.0825
E1,20182019,2018020505,2018-12-16,NYR,VGK,0.5127,0.3987,0.114
E1,20182019,2018020507,2018-12-16,STL,CGY,0.5502,0.4668,0.0834
E1,20182019,2018020522,2018-12-18,CHI,NSH,0.5199,0.4119,0.108
E1,20182019,2018020525,2018-12-18,ARI,NYI,0.6219,0.5412,0.0807
E1,20182019,2018020527,2018-12-18,LAK,WPG,0.5162,0.3897,0.1265
E1,20182019,2018020551,2018-12-22,BUF,ANA,0.4043,0.5177,-0.1134
E1,20182019,2018020565,2018-12-23,VGK,LAK,0.5409,0.6715,-0.1306
E1,20182019,2018020586,2018-12-29,LAK,VGK,0.5543,0.422,0.1324
E1,20182019,2018020611,2018-12-31,ANA,TBL,0.4932,0.3897,0.1035
E1,20182019,2018020614,2019-01-01,VGK,LAK,0.6139,0.7168,-0.1029
E1,20182019,2018020628,2019-01-03,LAK,TBL,0.4436,0.3404,0.1032
E1,20182019,2018020635,2019-01-04,ANA,VGK,0.5688,0.422,0.1469
E1,20182019,2018020636,2019-01-05,PHI,CGY,0.5153,0.4119,0.1034
E1,20182019,2018020637,2019-01-05,OTT,MIN,0.4453,0.3648,0.0804
E1,20182019,2018020639,2019-01-05,TOR,VAN,0.6402,0.7257,-0.0856
E1,20182019,2018020655,2019-01-07,CHI,CGY,0.4465,0.3546,0.0919
E1,20182019,2018020666,2019-01-08,VGK,NYR,0.6014,0.7439,-0.1425
E1,20182019,2018020667,2019-01-08,SJS,EDM,0.5769,0.6589,-0.0821
E1,20182019,2018020668,2019-01-09,CHI,NSH,0.4261,0.3404,0.0857
E1,20182019,2018020673,2019-01-10,NYR,NYI,0.5475,0.4324,0.1151
E1,20182019,2018020686,2019-01-11,ANA,PIT,0.5083,0.4282,0.0801
E1,20182019,2018020688,2019-01-12,NYI,NYR,0.5645,0.6455,-0.081
E1,20182019,2018020694,2019-01-12,CHI,VGK,0.4859,0.3648,0.121
E1,20182019,2018020701,2019-01-13,WPG,ANA,0.5515,0.6455,-0.094
E1,20182019,2018020717,2019-01-15,MIN,LAK,0.5197,0.6041,-0.0844
E1,20182019,2018020718,2019-01-15,WPG,VGK,0.5918,0.5051,0.0867
E1,20182019,2018020721,2019-01-16,OTT,COL,0.4826,0.3728,0.1098
E1,20182019,2018020731,2019-01-17,MIN,ANA,0.5246,0.6125,-0.0879
E1,20182019,2018020733,2019-01-18,FLA,TOR,0.5472,0.4502,0.097
E1,20182019,2018020740,2019-01-19,NJD,ANA,0.4625,0.5522,-0.0897
E1,20182019,2018020749,2019-01-19,EDM,CGY,0.5696,0.4411,0.1285
E1,20182019,2018020752,2019-01-20,NYI,ANA,0.5635,0.6905,-0.1269
E1,20182019,2018020757,2019-01-21,VGK,MIN,0.5544,0.6384,-0.084
E1,20182019,2018020759,2019-01-21,LAK,STL,0.5512,0.4668,0.0844
E1,20182019,2018020762,2019-01-22,CHI,NYI,0.5142,0.4324,0.0817
E1,20182019,2018020768,2019-01-23,VGK,NSH,0.4916,0.5791,-0.0875
E1,20182019,2018020769,2019-01-23,ANA,STL,0.5964,0.4502,0.1462
E1,20182019,2018020793,2019-02-02,FLA,VGK,0.5265,0.422,0.1046
E1,20182019,2018020794,2019-02-02,NYI,LAK,0.4777,0.6206,-0.1429
E1,20182019,2018020797,2019-02-02,WPG,ANA,0.5574,0.6653,-0.108
E1,20182019,2018020805,2019-02-04,TOR,ANA,0.5644,0.7168,-0.1524
E1,20182019,2018020815,2019-02-05,MTL,ANA,0.5621,0.6715,-0.1094
E1,20182019,2018020822,2019-02-06,NYR,BOS,0.5036,0.3897,0.1139
E1,20182019,2018020825,2019-02-07,NJD,NYI,0.4975,0.4092,0.0883
E1,20182019,2018020829,2019-02-07,OTT,ANA,0.4028,0.5102,-0.1074
E1,20182019,2018020838,2019-02-09,BOS,LAK,0.5922,0.6973,-0.105
E1,20182019,2018020842,2019-02-09,PHI,ANA,0.5368,0.6973,-0.1605
E1,20182019,2018020859,2019-02-10,NYR,TOR,0.509,0.3811,0.1279
E1,20182019,2018020876,2019-02-13,ANA,VAN,0.5959,0.4548,0.1411
E1,20182019,2018020877,2019-02-14,FLA,CGY,0.5349,0.4324,0.1024
E1,20182019,2018020886,2019-02-14,LAK,VAN,0.6813,0.5648,0.1164
E1,20182019,2018020891,2019-02-15,ANA,BOS,0.4901,0.3474,0.1428
E1,20182019,2018020896,2019-02-16,NYI,EDM,0.576,0.6775,-0.1014
E1,20182019,2018020903,2019-02-16,LAK,BOS,0.5659,0.4434,0.1226
E1,20182019,2018020904,2019-02-17,PIT,NYR,0.5631,0.6905,-0.1273
E1,20182019,2018020908,2019-02-17,FLA,MTL,0.6267,0.5412,0.0854
E1,20182019,2018020909,2019-02-17,ANA,WSH,0.4725,0.3546,0.1178
E1,20182019,2018020911,2019-02-18,CBJ,TBL,0.5042,0.3987,0.1055
E1,20182019,2018020914,2019-02-18,LAK,WSH,0.5593,0.4668,0.0925
E1,20182019,2018020922,2019-02-19,MIN,ANA,0.5681,0.6715,-0.1035
E1,20182019,2018020938,2019-02-21,EDM,NYI,0.564,0.4794,0.0846
E1,20182019,2018020943,2019-02-22,CGY,ANA,0.5891,0.7257,-0.1366
E1,20182019,2018020959,2019-02-24,OTT,CGY,0.3869,0.2898,0.0971
E1,20182019,2018020964,2019-02-25,TBL,LAK,0.6726,0.7853,-0.1126
E1,20182019,2018020967,2019-02-25,VAN,ANA,0.4982,0.5954,-0.0971
E1,20182019,2018020978,2019-02-26,VGK,DAL,0.5338,0.6589,-0.1252
E1,20182019,2018020980,2019-02-27,NJD,CGY,0.5258,0.3209,0.2049
E1,20182019,2018020983,2019-02-27,ANA,CHI,0.5546,0.4548,0.0997
E1,20182019,2018020990,2019-02-28,LAK,DAL,0.5566,0.4668,0.0898
E1,20182019,2018020997,2019-03-01,ANA,VGK,0.5126,0.3474,0.1652
E1,20182019,2018021000,2019-03-02,LAK,CHI,0.5449,0.4548,0.0901
E1,20182019,2018021001,2019-03-02,BOS,NJD,0.6829,0.7726,-0.0897
E1,20182019,2018021005,2019-03-02,FLA,CAR,0.6082,0.4668,0.1414
E1,20182019,2018021010,2019-03-03,NYI,PHI,0.4841,0.5954,-0.1113
E1,20182019,2018021011,2019-03-03,VGK,VAN,0.6389,0.7213,-0.0825
E1,20182019,2018021012,2019-03-03,ANA,COL,0.5427,0.4434,0.0994
E1,20182019,2018021020,2019-03-05,NJD,CBJ,0.4308,0.3034,0.1274
E1,20182019,2018021021,2019-03-05,NYI,OTT,0.6699,0.7513,-0.0814
E1,20182019,2018021022,2019-03-05,PIT,FLA,0.5449,0.631,-0.0861
E1,20182019,2018021027,2019-03-05,ARI,ANA,0.4708,0.5954,-0.1246
E1,20182019,2018021028,2019-03-05,LAK,MTL,0.505,0.4119,0.093
E1,20182019,2018021031,2019-03-06,ANA,STL,0.5115,0.3474,0.1642
E1,20182019,2018021033,2019-03-07,BOS,FLA,0.5759,0.6653,-0.0894
E1,20182019,2018021042,2019-03-07,LAK,STL,0.5511,0.3474,0.2038
E1,20182019,2018021044,2019-03-08,FLA,MIN,0.554,0.4644,0.0896
E1,20182019,2018021045,2019-03-08,WSH,NJD,0.6619,0.7664,-0.1045
E1,20182019,2018021047,2019-03-08,ANA,MTL,0.5791,0.4367,0.1423
E1,20182019,2018021050,2019-03-09,BOS,OTT,0.7187,0.8129,-0.0943
E1,20182019,2018021052,2019-03-09,NYI,PHI,0.4973,0.5791,-0.0818
E1,20182019,2018021055,2019-03-09,EDM,TOR,0.467,0.3811,0.0859
E1,20182019,2018021058,2019-03-09,ARI,LAK,0.5163,0.6206,-0.1043
E1,20182019,2018021059,2019-03-09,VAN,VGK,0.4476,0.3272,0.1204
E1,20182019,2018021072,2019-03-12,BUF,DAL,0.4964,0.4119,0.0845
E1,20182019,2018021078,2019-03-12,CGY,NJD,0.6174,0.8014,-0.184
E1,20182019,2018021079,2019-03-12,ANA,NSH,0.5049,0.3987,0.1062
E1,20182019,2018021081,2019-03-13,EDM,NJD,0.6311,0.7513,-0.1202
E1,20182019,2018021086,2019-03-14,OTT,STL,0.3686,0.2799,0.0887
E1,20182019,2018021087,2019-03-14,DET,TBL,0.297,0.2044,0.0926
E1,20182019,2018021090,2019-03-14,ARI,ANA,0.489,0.5791,-0.0901
E1,20182019,2018021091,2019-03-14,LAK,NSH,0.4519,0.3404,0.1115
E1,20182019,2018021096,2019-03-15,COL,ANA,0.5363,0.6589,-0.1226
E1,20182019,2018021097,2019-03-15,CGY,NYR,0.6188,0.731,-0.1122
E1,20182019,2018021098,2019-03-15,VAN,NJD,0.5217,0.6269,-0.1053
E1,20182019,2018021100,2019-03-16,DET,NYI,0.4298,0.2898,0.14
E1,20182019,2018021101,2019-03-16,LAK,FLA,0.4955,0.3897,0.1058
E1,20182019,2018021104,2019-03-16,OTT,TOR,0.3888,0.2707,0.118
E1,20182019,2018021111,2019-03-17,COL,NJD,0.5829,0.7168,-0.1339
E1,20182019,2018021115,2019-03-17,PIT,PHI,0.496,0.5954,-0.0993
E1,20182019,2018021116,2019-03-17,ANA,FLA,0.6012,0.4794,0.1218
E1,20182019,2018021120,2019-03-18,LAK,WPG,0.4735,0.3648,0.1087
E1,20182019,2018021122,2019-03-19,NJD,WSH,0.4532,0.2964,0.1568
E1,20182019,2018021127,2019-03-19,STL,EDM,0.5812,0.6775,-0.0963
E1,20182019,2018021135,2019-03-20,ANA,WPG,0.5449,0.3897,0.1551
E1,20182019,2018021137,2019-03-21,NJD,BOS,0.4234,0.2265,0.197
E1,20182019,2018021140,2019-03-21,STL,DET,0.6953,0.7786,-0.0833
E1,20182019,2018021146,2019-03-21,VGK,WPG,0.544,0.6275,-0.0835
E1,20182019,2018021147,2019-03-21,LAK,SJS,0.4532,0.2964,0.1568
E1,20182019,2018021149,2019-03-22,ANA,SJS,0.569,0.4119,0.1571
E1,20182019,2018021150,2019-03-23,NJD,ARI,0.5153,0.3897,0.1256
E1,20182019,2018021154,2019-03-23,TOR,NYR,0.6602,0.782,-0.1218
E1,20182019,2018021156,2019-03-23,FLA,BOS,0.5197,0.4058,0.114
E1,20182019,2018021161,2019-03-23,VAN,CGY,0.4381,0.3546,0.0835
E1,20182019,2018021162,2019-03-23,VGK,DET,0.6642,0.7915,-0.1273
E1,20182019,2018021170,2019-03-25,NJD,BUF,0.5639,0.4794,0.0845
E1,20182019,2018021171,2019-03-25,NYR,PIT,0.4402,0.3474,0.0928
E1,20182019,2018021176,2019-03-25,CGY,LAK,0.6238,0.7583,-0.1346
E1,20182019,2018021183,2019-03-26,VAN,ANA,0.4456,0.5412,-0.0956
E1,20182019,2018021185,2019-03-27,PHI,TOR,0.5035,0.4013,0.1023
E1,20182019,2018021186,2019-03-27,BOS,NYR,0.6674,0.7664,-0.099
E1,20182019,2018021188,2019-03-27,COL,VGK,0.5442,0.4548,0.0894
E1,20182019,2018021197,2019-03-29,NYR,STL,0.4149,0.309,0.1058
E1,20182019,2018021201,2019-03-29,CGY,ANA,0.5461,0.7257,-0.1796
E1,20182019,2018021203,2019-03-30,CAR,PHI,0.5794,0.6653,-0.0859
E1,20182019,2018021207,2019-03-30,NJD,STL,0.4511,0.3034,0.1477
E1,20182019,2018021218,2019-03-31,BUF,CBJ,0.4102,0.309,0.1012
E1,20182019,2018021222,2019-04-01,NJD,NYR,0.589,0.5051,0.0839
E1,20182019,2018021227,2019-04-01,VGK,EDM,0.5615,0.6905,-0.1289
E1,20182019,2018021236,2019-04-02,COL,EDM,0.547,0.6775,-0.1304
E1,20182019,2018021238,2019-04-02,ARI,LAK,0.5693,0.6715,-0.1022
E1,20182019,2018021241,2019-04-03,ANA,CGY,0.5577,0.4039,0.1538
E1,20182019,2018021244,2019-04-04,FLA,NYI,0.5855,0.4743,0.1112
E1,20182019,2018021245,2019-04-04,PIT,DET,0.6402,0.7361,-0.0959
E1,20182019,2018021247,2019-04-04,CAR,NJD,0.6483,0.7726,-0.1243
E1,20182019,2018021250,2019-04-04,MIN,BOS,0.4342,0.5297,-0.0955
E1,20182019,2018021254,2019-04-05,NYR,CBJ,0.4202,0.2799,0.1403
E1,20182019,2018021263,2019-04-06,PHI,CAR,0.511,0.4058,0.1052
E1,20182019,2018021265,2019-04-06,WSH,NYI,0.6178,0.5177,0.1001
E1,20182019,2018021269,2019-04-06,ARI,WPG,0.4677,0.3811,0.0866
E1,20212022,2021020001,2021-10-12,TBL,PIT,0.5441,0.7026,-0.1585
E1,20212022,2021020005,2021-10-13,COL,CHI,0.7265,0.6352,0.0913
E1,20212022,2021020007,2021-10-14,BUF,MTL,0.5476,0.4087,0.1389
E1,20212022,2021020010,2021-10-14,FLA,PIT,0.5316,0.6225,-0.0909
E1,20212022,2021020011,2021-10-14,NYR,DAL,0.4739,0.5554,-0.0815
E1,20212022,2021020014,2021-10-14,NSH,SEA,0.4603,0.5427,-0.0823
E1,20212022,2021020017,2021-10-15,NJD,CHI,0.4644,0.5533,-0.0889
E1,20212022,2021020026,2021-10-16,PIT,CHI,0.6438,0.5512,0.0926
E1,20212022,2021020036,2021-10-18,PHI,SEA,0.4565,0.5574,-0.1009
E1,20212022,2021020040,2021-10-19,MTL,SJS,0.4939,0.5932,-0.0993
E1,20212022,2021020041,2021-10-19,DET,CBJ,0.4376,0.5293,-0.0917
E1,20212022,2021020043,2021-10-19,NJD,SEA,0.4794,0.5774,-0.098
E1,20212022,2021020045,2021-10-19,WSH,COL,0.5451,0.4497,0.0954
E1,20212022,2021020057,2021-10-21,CBJ,NYI,0.4976,0.412,0.0856
E1,20212022,2021020071,2021-10-23,PIT,TOR,0.4973,0.3765,0.1208
E1,20212022,2021020077,2021-10-23,ARI,NYI,0.4475,0.3383,0.1092
E1,20212022,2021020082,2021-10-24,VGK,NYI,0.617,0.5361,0.0809
E1,20212022,2021020085,2021-10-25,FLA,ARI,0.6818,0.7857,-0.104
E1,20212022,2021020096,2021-10-26,SEA,MTL,0.6404,0.5361,0.1044
E1,20212022,2021020114,2021-10-29,CAR,CHI,0.5614,0.6676,-0.1062
E1,20212022,2021020121,2021-10-30,NSH,NYI,0.5572,0.4754,0.0818
E1,20212022,2021020127,2021-10-31,NJD,CBJ,0.4671,0.5512,-0.0841
E1,20212022,2021020128,2021-10-31,CAR,ARI,0.6673,0.7569,-0.0896
E1,20212022,2021020134,2021-11-01,EDM,SEA,0.5595,0.6928,-0.1333
E1,20212022,2021020140,2021-11-02,CGY,NSH,0.4981,0.5844,-0.0862
E1,20212022,2021020146,2021-11-03,EDM,NSH,0.5824,0.6791,-0.0967
E1,20212022,2021020158,2021-11-05,EDM,NYR,0.486,0.6017,-0.1158
E1,20212022,2021020169,2021-11-06,CBJ,COL,0.4999,0.3687,0.1311
E1,20212022,2021020174,2021-11-07,DET,VGK,0.4094,0.4928,-0.0834
E1,20212022,2021020180,2021-11-08,NYR,FLA,0.5886,0.4657,0.1229
E1,20212022,2021020186,2021-11-09,NJD,FLA,0.5064,0.4087,0.0977
E1,20212022,2021020210,2021-11-12,CHI,ARI,0.5782,0.6676,-0.0894
E1,20212022,2021020216,2021-11-13,CAR,STL,0.4281,0.5595,-0.1314
E1,20212022,2021020227,2021-11-14,WSH,PIT,0.6297,0.5405,0.0892
E1,20212022,2021020242,2021-11-16,VGK,CAR,0.5434,0.4245,0.119
E1,20212022,2021020256,2021-11-18,ARI,CBJ,0.4966,0.3913,0.1053
E1,20212022,2021020260,2021-11-19,SEA,COL,0.5412,0.412,0.1292
E1,20212022,2021020270,2021-11-20,ARI,DET,0.5121,0.4245,0.0876
E1,20212022,2021020279,2021-11-21,LAK,ARI,0.5498,0.6928,-0.143
E1,20212022,2021020280,2021-11-21,SEA,WSH,0.5963,0.4705,0.1258
E1,20212022,2021020300,2021-11-24,ARI,EDM,0.4657,0.3258,0.1399
E1,20212022,2021020303,2021-11-24,SEA,CAR,0.5579,0.4147,0.1432
E1,20212022,2021020306,2021-11-26,TBL,SEA,0.5174,0.6309,-0.1134
E1,20212022,2021020318,2021-11-27,FLA,SEA,0.49,0.6548,-0.1647
E1,20212022,2021020321,2021-11-27,COL,NSH,0.5701,0.6548,-0.0847
E1,20212022,2021020323,2021-11-27,ARI,DAL,0.4761,0.3587,0.1174
E1,20212022,2021020348,2021-12-01,DET,SEA,0.3493,0.5003,-0.151
E1,20212022,2021020364,2021-12-03,ARI,VGK,0.4016,0.3017,0.0999
E1,20212022,2021020366,2021-12-03,SEA,EDM,0.562,0.4265,0.1355
E1,20212022,2021020367,2021-12-04,BOS,TBL,0.5706,0.4803,0.0902
E1,20212022,2021020370,2021-12-04,FLA,STL,0.559,0.6421,-0.0831
E1,20212022,2021020385,2021-12-06,DAL,ARI,0.6453,0.7529,-0.1076
E1,20212022,2021020392,2021-12-07,DET,NSH,0.4089,0.4928,-0.084
E1,20212022,2021020394,2021-12-07,STL,FLA,0.5171,0.3879,0.1292
E1,20212022,2021020399,2021-12-08,NYR,COL,0.4623,0.3734,0.0889
E1,20212022,2021020414,2021-12-10,WSH,PIT,0.4749,0.5713,-0.0964
E1,20212022,2021020416,2021-12-10,ARI,FLA,0.3503,0.2433,0.1069
E1,20212022,2021020425,2021-12-11,CGY,BOS,0.4631,0.5512,-0.0881
E1,20212022,2021020437,2021-12-14,BOS,VGK,0.5652,0.4754,0.0898
E1,20212022,2021020452,2021-12-15,ARI,NYR,0.4783,0.3587,0.1196
E1,20212022,2021020458,2021-12-16,NYI,BOS,0.4456,0.5383,-0.0927
E1,20212022,2021020465,2021-12-17,NYR,VGK,0.5152,0.4326,0.0826
E1,20212022,2021020468,2021-12-17,STL,DAL,0.5532,0.4634,0.0898
E1,20212022,2021020470,2021-12-17,ANA,ARI,0.5938,0.746,-0.1522
E1,20212022,2021020552,2021-12-30,FLA,TBL,0.5016,0.5949,-0.0933
E1,20212022,2021020554,2021-12-30,CAR,MTL,0.6983,0.7907,-0.0924
E1,20212022,2021020558,2021-12-30,SEA,CGY,0.479,0.3531,0.126
E1,20212022,2021020568,2022-01-01,FLA,MTL,0.7351,0.8373,-0.1021
E1,20212022,2021020570,2022-01-01,CBJ,CAR,0.415,0.3319,0.0831
E1,20212022,2021020576,2022-01-02,NYR,TBL,0.5215,0.4018,0.1197
E1,20212022,2021020579,2022-01-02,CHI,CGY,0.3958,0.3141,0.0817
E1,20212022,2021020580,2022-01-02,COL,ANA,0.6275,0.726,-0.0984
E1,20212022,2021020590,2022-01-04,CBJ,TBL,0.3908,0.3017,0.0891
E1,20212022,2021020591,2022-01-04,CHI,COL,0.4038,0.2952,0.1086
E1,20212022,2021020596,2022-01-05,TOR,EDM,0.6364,0.746,-0.1096
E1,20212022,2021020604,2022-01-06,PHI,PIT,0.4131,0.2952,0.1179
E1,20212022,2021020606,2022-01-06,COL,WPG,0.5981,0.6861,-0.088
E1,20212022,2021020608,2022-01-06,VGK,NYR,0.5434,0.626,-0.0826
E1,20212022,2021020620,2022-01-08,MIN,WSH,0.5603,0.4611,0.0992
E1,20212022,2021020622,2022-01-08,COL,TOR,0.5002,0.6017,-0.1015
E1,20212022,2021020626,2022-01-08,VGK,CHI,0.6113,0.6968,-0.0855
E1,20212022,2021020634,2022-01-10,COL,SEA,0.6385,0.767,-0.1285
E1,20212022,2021020641,2022-01-11,NSH,COL,0.5221,0.4347,0.0875
E1,20212022,2021020647,2022-01-12,DAL,SEA,0.5331,0.6475,-0.1144
E1,20212022,2021020649,2022-01-12,ARI,TOR,0.37,0.2475,0.1225
E1,20212022,2021020663,2022-01-14,COL,ARI,0.7298,0.8452,-0.1154
E1,20212022,2021020669,2022-01-15,FLA,CBJ,0.6216,0.7424,-0.1208
E1,20212022,2021020677,2022-01-15,ARI,COL,0.3259,0.1909,0.135
E1,20212022,2021020679,2022-01-15,SEA,LAK,0.605,0.4878,0.1172
E1,20212022,2021020690,2022-01-17,SEA,CHI,0.5878,0.5053,0.0825
E1,20212022,2021020701,2022-01-19,NJD,ARI,0.5354,0.6421,-0.1067
E1,20212022,2021020712,2022-01-20,SEA,SJS,0.5938,0.5053,0.0885
E1,20212022,2021020714,2022-01-21,NYI,ARI,0.5862,0.6861,-0.0999
E1,20212022,2021020715,2022-01-21,CAR,NYR,0.5355,0.6676,-0.1321
E1,20212022,2021020718,2022-01-21,VAN,FLA,0.4746,0.3319,0.1427
E1,20212022,2021020720,2022-01-21,SEA,STL,0.4425,0.3587,0.0837
E1,20212022,2021020725,2022-01-22,NYR,ARI,0.6551,0.7387,-0.0835
E1,20212022,2021020729,2022-01-22,COL,MTL,0.7702,0.8524,-0.0823
E1,20212022,2021020736,2022-01-23,SEA,FLA,0.4095,0.2764,0.133
E1,20212022,2021020741,2022-01-24,MIN,MTL,0.6716,0.767,-0.0954
E1,20212022,2021020747,2022-01-25,PIT,ARI,0.7256,0.807,-0.0814
E1,20212022,2021020751,2022-01-25,SEA,NSH,0.4747,0.3627,0.112
E1,20212022,2021020757,2022-01-27,MTL,ANA,0.5568,0.4245,0.1324
E1,20212022,2021020762,2022-01-27,PIT,SEA,0.6496,0.7569,-0.1074
E1,20212022,2021020767,2022-01-28,NYR,MIN,0.5151,0.4205,0.0946
E1,20212022,2021020771,2022-01-28,ARI,BOS,0.369,0.2628,0.1062
E1,20212022,2021020772,2022-01-29,MTL,EDM,0.4076,0.2952,0.1124
E1,20212022,2021020778,2022-01-29,PHI,LAK,0.4599,0.3765,0.0834
E1,20212022,2021020800,2022-02-01,NYR,FLA,0.499,0.3846,0.1144
E1,20212022,2021020805,2022-02-01,COL,ARI,0.7482,0.8373,-0.0891
E1,20212022,2021020777,2022-02-02,NYI,SEA,0.53,0.6553,-0.1252
E1,20212022,2021020809,2022-02-02,CHI,MIN,0.4905,0.3687,0.1218
E1,20212022,2021020810,2022-02-02,ARI,CGY,0.3882,0.2679,0.1203
E1,20212022,2021020531,2022-02-08,WPG,MIN,0.4953,0.4018,0.0935
E1,20212022,2021020699,2022-02-09,EDM,CHI,0.5155,0.6178,-0.1023
E1,20212022,2021020494,2022-02-10,BOS,CAR,0.5623,0.4087,0.1536
E1,20212022,2021020519,2022-02-11,ARI,TBL,0.3588,0.2628,0.0961
E1,20212022,2021021033,2022-02-11,ANA,SEA,0.5001,0.5967,-0.0965
E1,20212022,2021020817,2022-02-13,NJD,PIT,0.3999,0.3017,0.0982
E1,20212022,2021020488,2022-02-14,SEA,TOR,0.3938,0.2903,0.1035
E1,20212022,2021020631,2022-02-15,NJD,TBL,0.3354,0.2504,0.085
E1,20212022,2021020500,2022-02-16,CGY,ANA,0.5855,0.6676,-0.0821
E1,20212022,2021020621,2022-02-17,WPG,SEA,0.4672,0.5512,-0.084
E1,20212022,2021020518,2022-02-19,CGY,SEA,0.6015,0.726,-0.1244
E1,20212022,2021020533,2022-02-19,ARI,LAK,0.4732,0.3765,0.0967
E1,20212022,2021020498,2022-02-20,CHI,FLA,0.371,0.2903,0.0807
E1,20212022,2021020515,2022-02-20,CBJ,BUF,0.6871,0.5844,0.1028
E1,20212022,2021020534,2022-02-21,VAN,SEA,0.5279,0.628,-0.1
E1,20212022,2021020564,2022-02-21,CGY,WPG,0.5895,0.6861,-0.0966
E1,20212022,2021020639,2022-02-21,PHI,CAR,0.4122,0.3017,0.1105
E1,20212022,2021020511,2022-02-22,FLA,NSH,0.607,0.712,-0.1049
E1,20212022,2021020816,2022-02-24,FLA,CBJ,0.7226,0.8045,-0.0819
E1,20212022,2021020822,2022-02-24,SEA,BOS,0.4524,0.3258,0.1266
E1,20212022,2021020824,2022-02-25,CHI,NJD,0.574,0.4928,0.0811
E1,20212022,2021020830,2022-02-26,OTT,MTL,0.5143,0.6017,-0.0874
E1,20212022,2021020837,2022-02-26,LAK,NYI,0.4632,0.5595,-0.0963
E1,20212022,2021020846,2022-02-27,SJS,SEA,0.4322,0.5293,-0.0971
E1,20212022,2021020863,2022-03-02,SEA,NSH,0.4462,0.3641,0.0821
E1,20212022,2021020892,2022-03-06,CAR,SEA,0.6426,0.7387,-0.0961
E1,20212022,2021020898,2022-03-07,BOS,LAK,0.715,0.628,0.087
E1,20212022,2021020902,2022-03-08,TOR,SEA,0.6148,0.7164,-0.1016
E1,20212022,2021020910,2022-03-08,MIN,NYR,0.5265,0.6178,-0.0914
E1,20212022,2021020918,2022-03-10,OTT,SEA,0.4314,0.5674,-0.136
E1,20212022,2021020933,2022-03-12,MTL,SEA,0.412,0.52,-0.108
E1,20212022,2021020936,2022-03-12,CAR,PHI,0.6574,0.767,-0.1096
E1,20212022,2021020967,2022-03-16,SEA,TBL,0.4077,0.2628,0.145
E1,20212022,2021020968,2022-03-17,TOR,CAR,0.5423,0.4611,0.0812
E1,20212022,2021020981,2022-03-18,ANA,FLA,0.4116,0.3141,0.0974
E1,20212022,2021020989,2022-03-19,EDM,NJD,0.5838,0.6676,-0.0837
E1,20212022,2021021044,2022-03-26,LAK,SEA,0.4955,0.6366,-0.1411
E1,20212022,2021021045,2022-03-26,SJS,ANA,0.5285,0.7279,-0.1994
E1,20212022,2021021055,2022-03-28,CHI,BUF,0.6824,0.6017,0.0807
E1,20212022,2021021058,2022-03-28,LAK,SEA,0.4934,0.6615,-0.1681
E1,20212022,2021021066,2022-03-29,CGY,COL,0.4853,0.5774,-0.0921
E1,20212022,2021021072,2022-03-30,ARI,SJS,0.5196,0.393,0.1265
E1,20212022,2021021073,2022-03-30,SEA,VGK,0.5294,0.3965,0.1329
E1,20212022,2021021087,2022-04-01,EDM,STL,0.5032,0.6083,-0.1051
E1,20212022,2021021089,2022-04-01,SEA,VGK,0.4864,0.3749,0.1115
E1,20212022,2021021098,2022-04-02,CGY,STL,0.6029,0.7026,-0.0998
E1,20212022,2021021107,2022-04-03,ANA,EDM,0.4364,0.3258,0.1106
E1,20212022,2021021108,2022-04-03,SEA,DAL,0.5331,0.393,0.1401
E1,20212022,2021021126,2022-04-06,VGK,VAN,0.5383,0.626,-0.0877
E1,20212022,2021021127,2022-04-06,ANA,CGY,0.368,0.2855,0.0825
E1,20212022,2021021148,2022-04-09,NSH,FLA,0.5492,0.4453,0.1039
E1,20212022,2021021149,2022-04-09,DAL,NJD,0.567,0.6676,-0.1006
E1,20212022,2021021153,2022-04-09,VGK,ARI,0.7058,0.7955,-0.0898
E1,20212022,2021021154,2022-04-09,SEA,CGY,0.4425,0.3086,0.1339
E1,20212022,2021021159,2022-04-10,CAR,ANA,0.6961,0.7857,-0.0897
E1,20212022,2021021160,2022-04-10,CHI,DAL,0.4991,0.393,0.106
E1,20212022,2021021174,2022-04-12,CGY,SEA,0.6364,0.779,-0.1426
E1,20212022,2021021175,2022-04-12,VAN,VGK,0.5006,0.4147,0.0859
E1,20212022,2021021187,2022-04-12,CHI,LAK,0.4873,0.4018,0.0855
E1,20212022,2021021191,2022-04-14,CGY,VGK,0.5375,0.6178,-0.0803
E1,20212022,2021021194,2022-04-15,FLA,WPG,0.6149,0.7026,-0.0877
E1,20212022,2021021197,2022-04-16,BUF,PHI,0.4945,0.5932,-0.0988
E1,20212022,2021021201,2022-04-16,NYR,DET,0.6858,0.7729,-0.0871
E1,20212022,2021021208,2022-04-16,LAK,CBJ,0.553,0.6421,-0.0891
E1,20212022,2021020436,2022-04-18,CHI,CGY,0.3313,0.2504,0.0809
E1,20212022,2021020611,2022-04-18,SEA,OTT,0.6132,0.5053,0.1078
E1,20212022,2021021218,2022-04-18,ARI,CAR,0.2848,0.2048,0.08
E1,20212022,2021021219,2022-04-18,VGK,NJD,0.6437,0.7529,-0.1092
E1,20212022,2021020443,2022-04-19,NSH,CGY,0.561,0.4519,0.1091
E1,20212022,2021021224,2022-04-19,NYR,WPG,0.5905,0.6791,-0.0886
E1,20212022,2021021226,2022-04-19,ANA,LAK,0.5011,0.393,0.1081
E1,20212022,2021021229,2022-04-20,EDM,DAL,0.5445,0.628,-0.0834
E1,20212022,2021021232,2022-04-20,SEA,COL,0.3954,0.2638,0.1317
E1,20212022,2021021233,2022-04-21,MTL,PHI,0.4829,0.5713,-0.0885
E1,20212022,2021021236,2022-04-21,NJD,BUF,0.6648,0.5615,0.1033
E1,20212022,2021021239,2022-04-21,CAR,WPG,0.6326,0.7164,-0.0838
E1,20212022,2021021242,2022-04-21,LAK,CHI,0.6212,0.7074,-0.0861
E1,20212022,2021021245,2022-04-22,MIN,SEA,0.5754,0.731,-0.1555
E1,20212022,2021021254,2022-04-23,NJD,CAR,0.4268,0.3017,0.1251
E1,20212022,2021021255,2022-04-23,DAL,SEA,0.6068,0.746,-0.1391
E1,20212022,2021021258,2022-04-23,LAK,ANA,0.5746,0.6928,-0.1181
E1,20212022,2021021264,2022-04-24,PHI,PIT,0.3826,0.2855,0.0971
E1,20212022,2021021266,2022-04-24,CBJ,EDM,0.3885,0.2903,0.0982
E1,20212022,2021021268,2022-04-24,WPG,COL,0.4351,0.3448,0.0902
E1,20212022,2021021274,2022-04-26,OTT,NJD,0.4788,0.5713,-0.0925
E1,20212022,2021021280,2022-04-26,NSH,CGY,0.5154,0.4265,0.0889
E1,20212022,2021021287,2022-04-27,DAL,ARI,0.7124,0.8117,-0.0993
E1,20212022,2021021296,2022-04-28,COL,NSH,0.5819,0.731,-0.1491
E1,20212022,2021021298,2022-04-29,BUF,CHI,0.4181,0.5554,-0.1373
E1,20212022,2021021301,2022-04-29,NJD,DET,0.5044,0.5932,-0.0888
E1,20212022,2021021303,2022-04-29,PHI,OTT,0.5802,0.4928,0.0874
E1,20212022,2021021306,2022-04-29,STL,VGK,0.5118,0.605,-0.0932
E1,20212022,2021021308,2022-04-29,MIN,COL,0.4598,0.6017,-0.1419
E1,20212022,2021021309,2022-04-29,WPG,CGY,0.5217,0.4245,0.0972
E1,20212022,2021021312,2022-04-29,SEA,SJS,0.6438,0.5427,0.1012
E2,20182019,2018020006,2018-10-04,NYR,NSH,0.4508,0.5986,-0.1478
E2,20182019,2018020020,2018-10-06,NJD,EDM,0.5829,0.4217,0.1612
E2,20182019,2018020036,2018-10-09,PHI,SJS,0.5842,0.4665,0.1176
E2,20182019,2018020049,2018-10-11,NYR,SJS,0.4663,0.3634,0.1029
E2,20182019,2018020052,2018-10-11,DET,TOR,0.4528,0.3567,0.0961
E2,20182019,2018020067,2018-10-13,DAL,ANA,0.5033,0.6102,-0.1069
E2,20182019,2018020069,2018-10-13,ARI,BUF,0.6126,0.5272,0.0854
E2,20182019,2018020072,2018-10-14,STL,ANA,0.484,0.5764,-0.0924
E2,20182019,2018020079,2018-10-16,NYR,COL,0.561,0.4546,0.1064
E2,20182019,2018020083,2018-10-16,MIN,ARI,0.5167,0.5986,-0.0819
E2,20182019,2018020108,2018-10-20,FLA,DET,0.5799,0.6699,-0.0901
E2,20182019,2018020112,2018-10-20,VAN,BOS,0.4615,0.3764,0.0851
E2,20182019,2018020113,2018-10-20,VGK,ANA,0.5233,0.6073,-0.084
E2,20182019,2018020115,2018-10-21,NYR,CGY,0.5476,0.4322,0.1154
E2,20182019,2018020127,2018-10-23,CHI,ANA,0.4402,0.5387,-0.0984
E2,20182019,2018020132,2018-10-24,COL,TBL,0.5141,0.4217,0.0924
E2,20182019,2018020137,2018-10-25,STL,CBJ,0.4647,0.5603,-0.0956
E2,20182019,2018020139,2018-10-25,CHI,NYR,0.5187,0.6216,-0.1029
E2,20182019,2018020140,2018-10-25,DAL,ANA,0.5036,0.5896,-0.086
E2,20182019,2018020157,2018-10-27,ARI,TBL,0.5343,0.4476,0.0867
E2,20182019,2018020164,2018-10-28,ANA,SJS,0.5592,0.4322,0.127
E2,20182019,2018020177,2018-10-30,SJS,NYR,0.6261,0.7109,-0.0848
E2,20182019,2018020183,2018-11-01,OTT,BUF,0.5243,0.4431,0.0812
E2,20182019,2018020208,2018-11-04,NYR,BUF,0.6318,0.5152,0.1166
E2,20182019,2018020209,2018-11-04,ANA,CBJ,0.6338,0.4714,0.1624
E2,20182019,2018020216,2018-11-06,NYR,MTL,0.6194,0.5103,0.1092
E2,20182019,2018020217,2018-11-06,CBJ,DAL,0.646,0.554,0.092
E2,20182019,2018020226,2018-11-07,ANA,CGY,0.5265,0.4156,0.1109
E2,20182019,2018020241,2018-11-09,ANA,MIN,0.6151,0.5029,0.1122
E2,20182019,2018020263,2018-11-12,ANA,NSH,0.5203,0.3839,0.1364
E2,20182019,2018020276,2018-11-14,VGK,ANA,0.5155,0.5986,-0.0831
E2,20182019,2018020279,2018-11-15,PIT,TBL,0.5806,0.4908,0.0897
E2,20182019,2018020291,2018-11-16,ANA,TOR,0.6365,0.4322,0.2043
E2,20182019,2018020297,2018-11-17,CAR,CBJ,0.5906,0.5078,0.0828
E2,20182019,2018020307,2018-11-18,ANA,COL,0.5943,0.5029,0.0913
E2,20182019,2018020360,2018-11-25,NSH,ANA,0.5739,0.685,-0.1112
E2,20182019,2018020370,2018-11-27,TBL,ANA,0.5833,0.6898,-0.1065
E2,20182019,2018020405,2018-12-01,ARI,STL,0.5953,0.5054,0.0899
E2,20182019,2018020407,2018-12-02,WSH,ANA,0.5357,0.6504,-0.1147
E2,20182019,2018020412,2018-12-02,LAK,CAR,0.5284,0.4258,0.1025
E2,20182019,2018020427,2018-12-05,ANA,CHI,0.6738,0.5802,0.0935
E2,20182019,2018020437,2018-12-06,VAN,NSH,0.4335,0.3492,0.0842
E2,20182019,2018020443,2018-12-07,ANA,CAR,0.597,0.4957,0.1014
E2,20182019,2018020445,2018-12-08,LAK,VGK,0.5226,0.4156,0.107
E2,20182019,2018020457,2018-12-09,CHI,MTL,0.5502,0.4665,0.0837
E2,20182019,2018020458,2018-12-09,ANA,NJD,0.5914,0.5103,0.0812
E2,20182019,2018020459,2018-12-09,EDM,CGY,0.6219,0.5103,0.1116
E2,20182019,2018020460,2018-12-09,VGK,DAL,0.4941,0.5859,-0.0918
E2,20182019,2018020468,2018-12-11,CAR,TOR,0.5061,0.4116,0.0945
E2,20182019,2018020478,2018-12-12,ANA,DAL,0.6037,0.4908,0.1128
E2,20182019,2018020487,2018-12-14,NJD,VGK,0.5664,0.4476,0.1188
E2,20182019,2018020493,2018-12-14,CHI,WPG,0.5011,0.4116,0.0895
E2,20182019,2018020497,2018-12-15,FLA,TOR,0.4886,0.402,0.0866
E2,20182019,2018020499,2018-12-15,PIT,LAK,0.5859,0.7109,-0.125
E2,20182019,2018020501,2018-12-15,CBJ,ANA,0.5381,0.6216,-0.0836
E2,20182019,2018020503,2018-12-15,COL,DAL,0.5218,0.6157,-0.0939
E2,20182019,2018020505,2018-12-16,NYR,VGK,0.5127,0.4176,0.0951
E2,20182019,2018020507,2018-12-16,STL,CGY,0.5502,0.4593,0.0909
E2,20182019,2018020508,2018-12-16,BOS,BUF,0.6679,0.5859,0.082
E2,20182019,2018020518,2018-12-18,NJD,TOR,0.4755,0.3764,0.0991
E2,20182019,2018020520,2018-12-18,PHI,DET,0.6711,0.5802,0.0909
E2,20182019,2018020522,2018-12-18,CHI,NSH,0.5199,0.3839,0.136
E2,20182019,2018020525,2018-12-18,ARI,NYI,0.6219,0.5272,0.0947
E2,20182019,2018020527,2018-12-18,LAK,WPG,0.5162,0.3693,0.1469
E2,20182019,2018020530,2018-12-20,BOS,ANA,0.5143,0.5986,-0.0843
E2,20182019,2018020551,2018-12-22,BUF,ANA,0.4043,0.5078,-0.1035
E2,20182019,2018020555,2018-12-22,ARI,COL,0.5446,0.4431,0.1015
E2,20182019,2018020565,2018-12-23,VGK,LAK,0.5409,0.6544,-0.1135
E2,20182019,2018020578,2018-12-27,LAK,ARI,0.6189,0.5387,0.0802
E2,20182019,2018020586,2018-12-29,LAK,VGK,0.5543,0.4156,0.1387
E2,20182019,2018020607,2018-12-31,COL,LAK,0.541,0.6232,-0.0822
E2,20182019,2018020611,2018-12-31,ANA,TBL,0.4932,0.3764,0.1168
E2,20182019,2018020621,2019-01-03,TOR,MIN,0.5613,0.6544,-0.093
E2,20182019,2018020628,2019-01-03,LAK,TBL,0.4436,0.3537,0.0899
E2,20182019,2018020635,2019-01-04,ANA,VGK,0.5688,0.4546,0.1143
E2,20182019,2018020646,2019-01-06,VGK,NJD,0.5832,0.6944,-0.1112
E2,20182019,2018020651,2019-01-06,ANA,EDM,0.6249,0.5387,0.0862
E2,20182019,2018020666,2019-01-08,VGK,NYR,0.6014,0.7075,-0.1061
E2,20182019,2018020672,2019-01-10,NJD,TOR,0.4478,0.3634,0.0844
E2,20182019,2018020673,2019-01-10,NYR,NYI,0.5475,0.4156,0.1319
E2,20182019,2018020681,2019-01-10,VGK,SJS,0.4711,0.5603,-0.0892
E2,20182019,2018020686,2019-01-11,ANA,PIT,0.5083,0.4077,0.1006
E2,20182019,2018020688,2019-01-12,NYI,NYR,0.5645,0.6544,-0.0899
E2,20182019,2018020694,2019-01-12,CHI,VGK,0.4859,0.3764,0.1094
E2,20182019,2018020698,2019-01-12,LAK,PIT,0.4924,0.3634,0.129
E2,20182019,2018020701,2019-01-13,WPG,ANA,0.5515,0.6708,-0.1194
E2,20182019,2018020717,2019-01-15,MIN,LAK,0.5197,0.6173,-0.0976
E2,20182019,2018020721,2019-01-16,OTT,COL,0.4826,0.3693,0.1133
E2,20182019,2018020731,2019-01-17,MIN,ANA,0.5246,0.6263,-0.1017
E2,20182019,2018020733,2019-01-18,FLA,TOR,0.5472,0.3892,0.158
E2,20182019,2018020749,2019-01-19,EDM,CGY,0.5696,0.4665,0.1031
E2,20182019,2018020751,2019-01-20,CHI,WSH,0.4481,0.3634,0.0847
E2,20182019,2018020752,2019-01-20,NYI,ANA,0.5635,0.6504,-0.0869
E2,20182019,2018020762,2019-01-22,CHI,NYI,0.5142,0.4217,0.0925
E2,20182019,2018020769,2019-01-23,ANA,STL,0.5964,0.5029,0.0934
E2,20182019,2018020785,2019-02-01,WSH,CGY,0.558,0.4665,0.0915
E2,20182019,2018020787,2019-02-01,CAR,VGK,0.5809,0.4981,0.0828
E2,20182019,2018020794,2019-02-02,NYI,LAK,0.4777,0.6135,-0.1358
E2,20182019,2018020797,2019-02-02,WPG,ANA,0.5574,0.6708,-0.1135
E2,20182019,2018020805,2019-02-04,TOR,ANA,0.5644,0.7075,-0.1431
E2,20182019,2018020815,2019-02-05,MTL,ANA,0.5621,0.7109,-0.1488
E2,20182019,2018020822,2019-02-06,NYR,BOS,0.5036,0.4077,0.0959
E2,20182019,2018020829,2019-02-07,OTT,ANA,0.4028,0.4836,-0.0808
E2,20182019,2018020833,2019-02-07,MIN,EDM,0.5651,0.6504,-0.0854
E2,20182019,2018020837,2019-02-08,NYR,CAR,0.544,0.4593,0.0847
E2,20182019,2018020842,2019-02-09,PHI,ANA,0.5368,0.6898,-0.153
E2,20182019,2018020849,2019-02-09,EDM,SJS,0.464,0.3839,0.0801
E2,20182019,2018020859,2019-02-10,NYR,TOR,0.509,0.3839,0.1251
E2,20182019,2018020876,2019-02-13,ANA,VAN,0.5959,0.4908,0.1051
E2,20182019,2018020877,2019-02-14,FLA,CGY,0.5349,0.4322,0.1027
E2,20182019,2018020886,2019-02-14,LAK,VAN,0.6813,0.5603,0.121
E2,20182019,2018020888,2019-02-15,BUF,NYR,0.5039,0.5932,-0.0894
E2,20182019,2018020891,2019-02-15,ANA,BOS,0.4901,0.3634,0.1268
E2,20182019,2018020892,2019-02-16,PHI,DET,0.6464,0.7329,-0.0865
E2,20182019,2018020903,2019-02-16,LAK,BOS,0.5659,0.3764,0.1895
E2,20182019,2018020904,2019-02-17,PIT,NYR,0.5631,0.6655,-0.1024
E2,20182019,2018020909,2019-02-17,ANA,WSH,0.4725,0.3389,0.1336
E2,20182019,2018020914,2019-02-18,LAK,WSH,0.5593,0.4431,0.1162
E2,20182019,2018020922,2019-02-19,MIN,ANA,0.5681,0.676,-0.1079
E2,20182019,2018020938,2019-02-21,EDM,NYI,0.564,0.4365,0.1275
E2,20182019,2018020943,2019-02-22,CGY,ANA,0.5891,0.7032,-0.1141
E2,20182019,2018020956,2019-02-24,WSH,NYR,0.5872,0.685,-0.0978
E2,20182019,2018020959,2019-02-24,OTT,CGY,0.3869,0.2666,0.1203
E2,20182019,2018020960,2019-02-24,MIN,STL,0.5913,0.4981,0.0932
E2,20182019,2018020978,2019-02-26,VGK,DAL,0.5338,0.6339,-0.1001
E2,20182019,2018020980,2019-02-27,NJD,CGY,0.5258,0.3764,0.1494
E2,20182019,2018020983,2019-02-27,ANA,CHI,0.5546,0.4279,0.1266
E2,20182019,2018020989,2019-02-28,VGK,FLA,0.5689,0.6655,-0.0966
E2,20182019,2018020990,2019-02-28,LAK,DAL,0.5566,0.4617,0.0949
E2,20182019,2018020997,2019-03-01,ANA,VGK,0.5126,0.3928,0.1198
E2,20182019,2018021005,2019-03-02,FLA,CAR,0.6082,0.5029,0.1053
E2,20182019,2018021009,2019-03-03,NYR,WSH,0.4579,0.3693,0.0886
E2,20182019,2018021010,2019-03-03,NYI,PHI,0.4841,0.5986,-0.1145
E2,20182019,2018021012,2019-03-03,ANA,COL,0.5427,0.4077,0.135
E2,20182019,2018021020,2019-03-05,NJD,CBJ,0.4308,0.3492,0.0816
E2,20182019,2018021021,2019-03-05,NYI,OTT,0.6699,0.7768,-0.1069
E2,20182019,2018021022,2019-03-05,PIT,FLA,0.5449,0.6544,-0.1095
E2,20182019,2018021027,2019-03-05,ARI,ANA,0.4708,0.6135,-0.1427
E2,20182019,2018021031,2019-03-06,ANA,STL,0.5115,0.3928,0.1188
E2,20182019,2018021033,2019-03-07,BOS,FLA,0.5759,0.6708,-0.0949
E2,20182019,2018021035,2019-03-07,OTT,NYI,0.4082,0.3033,0.1049
E2,20182019,2018021042,2019-03-07,LAK,STL,0.5511,0.4116,0.1395
E2,20182019,2018021044,2019-03-08,FLA,MIN,0.554,0.4546,0.0994
E2,20182019,2018021045,2019-03-08,WSH,NJD,0.6619,0.7513,-0.0894
E2,20182019,2018021047,2019-03-08,ANA,MTL,0.5791,0.4714,0.1076
E2,20182019,2018021058,2019-03-09,ARI,LAK,0.5163,0.6195,-0.1032
E2,20182019,2018021078,2019-03-12,CGY,NJD,0.6174,0.7877,-0.1703
E2,20182019,2018021079,2019-03-12,ANA,NSH,0.5049,0.3787,0.1262
E2,20182019,2018021083,2019-03-14,BUF,PIT,0.4456,0.3522,0.0935
E2,20182019,2018021085,2019-03-14,PHI,WSH,0.5061,0.4258,0.0803
E2,20182019,2018021086,2019-03-14,OTT,STL,0.3686,0.2743,0.0944
E2,20182019,2018021091,2019-03-14,LAK,NSH,0.4519,0.333,0.1189
E2,20182019,2018021097,2019-03-15,CGY,NYR,0.6188,0.7364,-0.1176
E2,20182019,2018021100,2019-03-16,DET,NYI,0.4298,0.3237,0.1061
E2,20182019,2018021104,2019-03-16,OTT,TOR,0.3888,0.2496,0.1391
E2,20182019,2018021111,2019-03-17,COL,NJD,0.5829,0.7109,-0.1279
E2,20182019,2018021112,2019-03-17,BUF,STL,0.4793,0.3928,0.0866
E2,20182019,2018021115,2019-03-17,PIT,PHI,0.496,0.6062,-0.1101
E2,20182019,2018021116,2019-03-17,ANA,FLA,0.6012,0.4787,0.1225
E2,20182019,2018021120,2019-03-18,LAK,WPG,0.4735,0.3693,0.1042
E2,20182019,2018021122,2019-03-19,NJD,WSH,0.4532,0.3033,0.1499
E2,20182019,2018021135,2019-03-20,ANA,WPG,0.5449,0.3928,0.1521
E2,20182019,2018021137,2019-03-21,NJD,BOS,0.4234,0.2666,0.1568
E2,20182019,2018021147,2019-03-21,LAK,SJS,0.4532,0.3183,0.1348
E2,20182019,2018021149,2019-03-22,ANA,SJS,0.569,0.3964,0.1726
E2,20182019,2018021150,2019-03-23,NJD,ARI,0.5153,0.3839,0.1314
E2,20182019,2018021154,2019-03-23,TOR,NYR,0.6602,0.7597,-0.0995
E2,20182019,2018021156,2019-03-23,FLA,BOS,0.5197,0.4217,0.0981
E2,20182019,2018021161,2019-03-23,VAN,CGY,0.4381,0.3567,0.0814
E2,20182019,2018021162,2019-03-23,VGK,DET,0.6642,0.7768,-0.1126
E2,20182019,2018021170,2019-03-25,NJD,BUF,0.5639,0.469,0.0949
E2,20182019,2018021171,2019-03-25,NYR,PIT,0.4402,0.333,0.1071
E2,20182019,2018021176,2019-03-25,CGY,LAK,0.6238,0.7424,-0.1187
E2,20182019,2018021183,2019-03-26,VAN,ANA,0.4456,0.5497,-0.1041
E2,20182019,2018021185,2019-03-27,PHI,TOR,0.5035,0.402,0.1015
E2,20182019,2018021186,2019-03-27,BOS,NYR,0.6674,0.7647,-0.0973
E2,20182019,2018021197,2019-03-29,NYR,STL,0.4149,0.3093,0.1056
E2,20182019,2018021199,2019-03-29,DET,NJD,0.4483,0.5582,-0.11
E2,20182019,2018021201,2019-03-29,CGY,ANA,0.5461,0.7075,-0.1614
E2,20182019,2018021207,2019-03-30,NJD,STL,0.4511,0.3237,0.1274
E2,20182019,2018021208,2019-03-30,NYI,BUF,0.6008,0.681,-0.0802
E2,20182019,2018021211,2019-03-30,SJS,VGK,0.6426,0.554,0.0886
E2,20182019,2018021214,2019-03-30,LAK,CHI,0.5232,0.4365,0.0867
E2,20182019,2018021218,2019-03-31,BUF,CBJ,0.4102,0.3292,0.081
E2,20182019,2018021227,2019-04-01,VGK,EDM,0.5615,0.7109,-0.1493
E2,20182019,2018021228,2019-04-01,LAK,CGY,0.5181,0.4258,0.0922
E2,20182019,2018021233,2019-04-02,DET,PIT,0.427,0.3389,0.0881
E2,20182019,2018021238,2019-04-02,ARI,LAK,0.5693,0.66,-0.0908
E2,20182019,2018021241,2019-04-03,ANA,CGY,0.5577,0.3693,0.1885
E2,20182019,2018021244,2019-04-04,FLA,NYI,0.5855,0.4714,0.1141
E2,20182019,2018021245,2019-04-04,PIT,DET,0.6402,0.7293,-0.0891
E2,20182019,2018021250,2019-04-04,MIN,BOS,0.4342,0.5705,-0.1363
E2,20182019,2018021254,2019-04-05,NYR,CBJ,0.4202,0.3237,0.0965
E2,20182019,2018021265,2019-04-06,WSH,NYI,0.6178,0.5029,0.1148
E2,20212022,2021020007,2021-10-14,BUF,MTL,0.5476,0.4455,0.1021
E2,20212022,2021020014,2021-10-14,NSH,SEA,0.4603,0.5597,-0.0993
E2,20212022,2021020036,2021-10-18,PHI,SEA,0.4565,0.5914,-0.135
E2,20212022,2021020041,2021-10-19,DET,CBJ,0.4376,0.5274,-0.0898
E2,20212022,2021020043,2021-10-19,NJD,SEA,0.4794,0.5696,-0.0902
E2,20212022,2021020078,2021-10-23,SEA,VAN,0.6139,0.5038,0.1101
E2,20212022,2021020091,2021-10-26,PIT,TBL,0.5267,0.4246,0.1021
E2,20212022,2021020096,2021-10-26,SEA,MTL,0.6404,0.5157,0.1248
E2,20212022,2021020110,2021-10-28,SEA,MIN,0.5438,0.4455,0.0983
E2,20212022,2021020122,2021-10-30,COL,MIN,0.5209,0.6083,-0.0874
E2,20212022,2021020129,2021-10-31,ANA,MTL,0.5766,0.4683,0.1083
E2,20212022,2021020134,2021-11-01,EDM,SEA,0.5595,0.6561,-0.0966
E2,20212022,2021020156,2021-11-04,SEA,BUF,0.6964,0.5914,0.1049
E2,20212022,2021020158,2021-11-05,EDM,NYR,0.486,0.5914,-0.1055
E2,20212022,2021020169,2021-11-06,CBJ,COL,0.4999,0.3931,0.1068
E2,20212022,2021020180,2021-11-08,NYR,FLA,0.5886,0.4802,0.1085
E2,20212022,2021020186,2021-11-09,NJD,FLA,0.5064,0.4148,0.0916
E2,20212022,2021020207,2021-11-12,TOR,CGY,0.663,0.5791,0.084
E2,20212022,2021020216,2021-11-13,CAR,STL,0.4281,0.5597,-0.1316
E2,20212022,2021020235,2021-11-16,NYR,MTL,0.661,0.5696,0.0915
E2,20212022,2021020242,2021-11-16,VGK,CAR,0.5434,0.4566,0.0868
E2,20212022,2021020246,2021-11-17,SEA,CHI,0.6511,0.5597,0.0915
E2,20212022,2021020256,2021-11-18,ARI,CBJ,0.4966,0.3931,0.1035
E2,20212022,2021020260,2021-11-19,SEA,COL,0.5412,0.3765,0.1648
E2,20212022,2021020276,2021-11-21,NYI,TOR,0.4002,0.5157,-0.1155
E2,20212022,2021020279,2021-11-21,LAK,ARI,0.5498,0.6641,-0.1144
E2,20212022,2021020280,2021-11-21,SEA,WSH,0.5963,0.4455,0.1508
E2,20212022,2021020300,2021-11-24,ARI,EDM,0.4657,0.3217,0.144
E2,20212022,2021020303,2021-11-24,SEA,CAR,0.5579,0.3846,0.1733
E2,20212022,2021020306,2021-11-26,TBL,SEA,0.5174,0.6476,-0.1302
E2,20212022,2021020318,2021-11-27,FLA,SEA,0.49,0.6476,-0.1576
E2,20212022,2021020321,2021-11-27,COL,NSH,0.5701,0.6561,-0.086
E2,20212022,2021020323,2021-11-27,ARI,DAL,0.4761,0.3379,0.1382
E2,20212022,2021020346,2021-12-01,TOR,COL,0.6155,0.5274,0.0881
E2,20212022,2021020348,2021-12-01,DET,SEA,0.3493,0.5386,-0.1893
E2,20212022,2021020366,2021-12-03,SEA,EDM,0.562,0.4455,0.1165
E2,20212022,2021020385,2021-12-06,DAL,ARI,0.6453,0.7327,-0.0875
E2,20212022,2021020397,2021-12-07,SJS,CGY,0.5078,0.4246,0.0832
E2,20212022,2021020413,2021-12-10,NJD,NSH,0.528,0.4455,0.0825
E2,20212022,2021020414,2021-12-10,WSH,PIT,0.4749,0.5597,-0.0848
E2,20212022,2021020452,2021-12-15,ARI,NYR,0.4783,0.3296,0.1488
E2,20212022,2021020470,2021-12-17,ANA,ARI,0.5938,0.6948,-0.101
E2,20212022,2021020480,2021-12-18,SEA,EDM,0.5388,0.4566,0.0821
E2,20212022,2021020484,2021-12-19,WSH,LAK,0.6798,0.5696,0.1102
E2,20212022,2021020585,2022-01-03,NYR,EDM,0.421,0.5274,-0.1064
E2,20212022,2021020620,2022-01-08,MIN,WSH,0.5603,0.4566,0.1036
E2,20212022,2021020634,2022-01-10,COL,SEA,0.6385,0.7593,-0.1209
E2,20212022,2021020641,2022-01-11,NSH,COL,0.5221,0.3931,0.129
E2,20212022,2021020649,2022-01-12,ARI,TOR,0.37,0.2396,0.1304
E2,20212022,2021020656,2022-01-13,STL,SEA,0.5845,0.6701,-0.0856
E2,20212022,2021020669,2022-01-15,FLA,CBJ,0.6216,0.7287,-0.1072
E2,20212022,2021020672,2022-01-15,CAR,VAN,0.5701,0.6561,-0.086
E2,20212022,2021020673,2022-01-15,CHI,ANA,0.6366,0.5386,0.098
E2,20212022,2021020677,2022-01-15,ARI,COL,0.3259,0.2291,0.0968
E2,20212022,2021020679,2022-01-15,SEA,LAK,0.605,0.4566,0.1483
E2,20212022,2021020690,2022-01-17,SEA,CHI,0.5878,0.492,0.0958
E2,20212022,2021020696,2022-01-18,NSH,VAN,0.5154,0.6265,-0.1111
E2,20212022,2021020701,2022-01-19,NJD,ARI,0.5354,0.6476,-0.1122
E2,20212022,2021020711,2022-01-20,LAK,COL,0.4244,0.3379,0.0865
E2,20212022,2021020712,2022-01-20,SEA,SJS,0.5938,0.5038,0.09
E2,20212022,2021020714,2022-01-21,NYI,ARI,0.5862,0.7184,-0.1321
E2,20212022,2021020717,2022-01-21,CHI,MIN,0.5069,0.4246,0.0823
E2,20212022,2021020718,2022-01-21,VAN,FLA,0.4746,0.3846,0.09
E2,20212022,2021020724,2022-01-22,NJD,CAR,0.4604,0.3217,0.1387
E2,20212022,2021020727,2022-01-22,NSH,DET,0.7307,0.6408,0.0899
E2,20212022,2021020731,2022-01-22,SJS,TBL,0.441,0.3379,0.1032
E2,20212022,2021020751,2022-01-25,SEA,NSH,0.4747,0.3846,0.0901
E2,20212022,2021020757,2022-01-27,MTL,ANA,0.5568,0.4246,0.1322
E2,20212022,2021020762,2022-01-27,PIT,SEA,0.6496,0.7404,-0.0909
E2,20212022,2021020771,2022-01-28,ARI,BOS,0.369,0.2474,0.1215
E2,20212022,2021020778,2022-01-29,PHI,LAK,0.4599,0.366,0.0938
E2,20212022,2021020782,2022-01-29,ARI,BUF,0.5398,0.4566,0.0832
E2,20212022,2021020785,2022-01-30,NYR,SEA,0.5482,0.6561,-0.1079
E2,20212022,2021020787,2022-01-30,CAR,SJS,0.6382,0.7184,-0.0802
E2,20212022,2021020800,2022-02-01,NYR,FLA,0.499,0.4148,0.0842
E2,20212022,2021020807,2022-02-02,DET,LAK,0.4971,0.4148,0.0823
E2,20212022,2021020809,2022-02-02,CHI,MIN,0.4905,0.3765,0.114
E2,20212022,2021020810,2022-02-02,ARI,CGY,0.3882,0.2637,0.1245
E2,20212022,2021020487,2022-02-08,VAN,ARI,0.6614,0.2511,0.4103
E2,20212022,2021020699,2022-02-09,EDM,CHI,0.5155,0.6476,-0.1321
E2,20212022,2021020462,2022-02-10,CGY,TOR,0.3864,0.4683,-0.0819
E2,20212022,2021020529,2022-02-10,STL,NJD,0.6277,0.7093,-0.0817
E2,20212022,2021020519,2022-02-11,ARI,TBL,0.3588,0.2549,0.104
E2,20212022,2021020817,2022-02-13,NJD,PIT,0.3999,0.3159,0.084
E2,20212022,2021020633,2022-02-16,WPG,MIN,0.4855,0.4054,0.0802
E2,20212022,2021020621,2022-02-17,WPG,SEA,0.4672,0.6189,-0.1517
E2,20212022,2021020518,2022-02-19,CGY,SEA,0.6015,0.7184,-0.1168
E2,20212022,2021020533,2022-02-19,ARI,LAK,0.4732,0.3379,0.1353
E2,20212022,2021020515,2022-02-20,CBJ,BUF,0.6871,0.6001,0.0871
E2,20212022,2021020534,2022-02-21,VAN,SEA,0.5279,0.6189,-0.091
E2,20212022,2021020639,2022-02-21,PHI,CAR,0.4122,0.3296,0.0826
E2,20212022,2021020814,2022-02-23,ARI,LAK,0.4146,0.3087,0.1058
E2,20212022,2021021273,2022-02-23,MTL,BUF,0.575,0.492,0.083
E2,20212022,2021020822,2022-02-24,SEA,BOS,0.4524,0.3159,0.1365
E2,20212022,2021020830,2022-02-26,OTT,MTL,0.5143,0.6001,-0.0858
E2,20212022,2021020841,2022-02-27,CBJ,PIT,0.4165,0.3087,0.1077
E2,20212022,2021020846,2022-02-27,SJS,SEA,0.4322,0.5274,-0.0952
E2,20212022,2021020884,2022-03-05,WSH,SEA,0.6196,0.6998,-0.0802
E2,20212022,2021020891,2022-03-06,NJD,STL,0.4859,0.3765,0.1095
E2,20212022,2021020892,2022-03-06,CAR,SEA,0.6426,0.7327,-0.0901
E2,20212022,2021020902,2022-03-08,TOR,SEA,0.6148,0.7093,-0.0946
E2,20212022,2021020918,2022-03-10,OTT,SEA,0.4314,0.5274,-0.096
E2,20212022,2021020936,2022-03-12,CAR,PHI,0.6574,0.7441,-0.0867
E2,20212022,2021020951,2022-03-13,LAK,FLA,0.2935,0.3765,-0.083
E2,20212022,2021020967,2022-03-16,SEA,TBL,0.4077,0.3019,0.1058
E2,20212022,2021020969,2022-03-17,MTL,DAL,0.4116,0.3296,0.0821
E2,20212022,2021020981,2022-03-18,ANA,FLA,0.4116,0.3217,0.0898
E2,20212022,2021020987,2022-03-19,NSH,TOR,0.5406,0.4566,0.0839
E2,20212022,2021020990,2022-03-19,VAN,CGY,0.5194,0.4246,0.0948
E2,20212022,2021020993,2022-03-19,SEA,DET,0.6007,0.5038,0.097
E2,20212022,2021021005,2022-03-22,NJD,NYR,0.4524,0.366,0.0863
E2,20212022,2021021017,2022-03-22,ARI,SEA,0.4031,0.5157,-0.1125
E2,20212022,2021021038,2022-03-26,WSH,NJD,0.5641,0.6561,-0.092
E2,20212022,2021021044,2022-03-26,LAK,SEA,0.4955,0.6774,-0.1819
E2,20212022,2021021055,2022-03-28,CHI,BUF,0.6824,0.5914,0.091
E2,20212022,2021021058,2022-03-28,LAK,SEA,0.4934,0.6844,-0.1909
E2,20212022,2021021069,2022-03-30,DET,NYR,0.4679,0.3446,0.1234
E2,20212022,2021021072,2022-03-30,ARI,SJS,0.5196,0.4246,0.095
E2,20212022,2021021073,2022-03-30,SEA,VGK,0.5294,0.366,0.1633
E2,20212022,2021021088,2022-04-01,ARI,ANA,0.5203,0.4148,0.1055
E2,20212022,2021021089,2022-04-01,SEA,VGK,0.4864,0.3931,0.0933
E2,20212022,2021021098,2022-04-02,CGY,STL,0.6029,0.6948,-0.0919
E2,20212022,2021021107,2022-04-03,ANA,EDM,0.4364,0.3379,0.0985
E2,20212022,2021021108,2022-04-03,SEA,DAL,0.5331,0.3846,0.1485
E2,20212022,2021021136,2022-04-07,SJS,CGY,0.4244,0.3087,0.1157
E2,20212022,2021021141,2022-04-08,WPG,COL,0.4331,0.3379,0.0952
E2,20212022,2021021148,2022-04-09,NSH,FLA,0.5492,0.4348,0.1144
E2,20212022,2021021149,2022-04-09,DAL,NJD,0.567,0.7046,-0.1377
E2,20212022,2021021154,2022-04-09,SEA,CGY,0.4425,0.3379,0.1046
E2,20212022,2021021159,2022-04-10,CAR,ANA,0.6961,0.7826,-0.0866
E2,20212022,2021021160,2022-04-10,CHI,DAL,0.4991,0.3931,0.1059
E2,20212022,2021021167,2022-04-12,FLA,ANA,0.7173,0.8003,-0.0831
E2,20212022,2021021174,2022-04-12,CGY,SEA,0.6364,0.7826,-0.1463
E2,20212022,2021021190,2022-04-14,COL,NJD,0.6503,0.7593,-0.1091
E2,20212022,2021021201,2022-04-16,NYR,DET,0.6858,0.7908,-0.105
E2,20212022,2021021208,2022-04-16,LAK,CBJ,0.553,0.6408,-0.0879
E2,20212022,2021020611,2022-04-18,SEA,OTT,0.6132,0.5274,0.0858
E2,20212022,2021021219,2022-04-18,VGK,NJD,0.6437,0.7441,-0.1005
E2,20212022,2021020443,2022-04-19,NSH,CGY,0.561,0.4246,0.1364
E2,20212022,2021021226,2022-04-19,ANA,LAK,0.5011,0.3765,0.1246
E2,20212022,2021021232,2022-04-20,SEA,COL,0.3954,0.226,0.1694
E2,20212022,2021021236,2022-04-21,NJD,BUF,0.6648,0.5386,0.1262
E2,20212022,2021021245,2022-04-22,MIN,SEA,0.5754,0.7236,-0.1482
E2,20212022,2021021254,2022-04-23,NJD,CAR,0.4268,0.3019,0.1249
E2,20212022,2021021255,2022-04-23,DAL,SEA,0.6068,0.7184,-0.1115
E2,20212022,2021021258,2022-04-23,LAK,ANA,0.5746,0.6998,-0.1252
E2,20212022,2021021264,2022-04-24,PHI,PIT,0.3826,0.2776,0.105
E2,20212022,2021021266,2022-04-24,CBJ,EDM,0.3885,0.2968,0.0917
E2,20212022,2021021268,2022-04-24,WPG,COL,0.4351,0.3296,0.1055
E2,20212022,2021021270,2022-04-24,ANA,STL,0.3777,0.2918,0.0859
E2,20212022,2021021280,2022-04-26,NSH,CGY,0.5154,0.4348,0.0805
E2,20212022,2021021284,2022-04-26,VAN,SEA,0.5768,0.6897,-0.1128
E2,20212022,2021020505,2022-04-27,NYR,MTL,0.6713,0.7728,-0.1015
E2,20212022,2021021287,2022-04-27,DAL,ARI,0.7124,0.8106,-0.0982
E2,20212022,2021021289,2022-04-27,SEA,LAK,0.4873,0.366,0.1213
E2,20212022,2021021294,2022-04-28,CAR,NJD,0.654,0.7527,-0.0986
E2,20212022,2021021296,2022-04-28,COL,NSH,0.5819,0.6774,-0.0955
E2,20212022,2021021310,2022-04-28,VAN,LAK,0.6221,0.5274,0.0947
E2,20212022,2021021298,2022-04-29,BUF,CHI,0.4181,0.5386,-0.1205
E2,20212022,2021021300,2022-04-29,MTL,FLA,0.4006,0.2396,0.161
E2,20212022,2021021301,2022-04-29,NJD,DET,0.5044,0.5914,-0.0871
E2,20212022,2021021309,2022-04-29,WPG,CGY,0.5217,0.366,0.1556
E2,20212022,2021021311,2022-04-29,ARI,NSH,0.3706,0.2688,0.1018
E2,20212022,2021021312,2022-04-29,SEA,SJS,0.6438,0.5157,0.1282
