experiment,season,game_id,game_date,home,away,p_blend,p_b1,gap
E1,20212022,2021020003,2021-10-13,TOR,MTL,0.7371,0.6501,0.087
E1,20212022,2021020005,2021-10-13,COL,CHI,0.8309,0.6352,0.1957
E1,20212022,2021020007,2021-10-14,BUF,MTL,0.4951,0.4087,0.0864
E1,20212022,2021020009,2021-10-14,DET,TBL,0.2148,0.3258,-0.111
E1,20212022,2021020017,2021-10-15,NJD,CHI,0.4666,0.5533,-0.0867
E1,20212022,2021020020,2021-10-16,BOS,DAL,0.7112,0.628,0.0832
E1,20212022,2021020041,2021-10-19,DET,CBJ,0.4389,0.5293,-0.0904
E1,20212022,2021020067,2021-10-23,OTT,NYR,0.3368,0.4347,-0.0978
E1,20212022,2021020318,2021-11-27,FLA,SEA,0.5661,0.6548,-0.0886
E1,20212022,2021020348,2021-12-01,DET,SEA,0.394,0.5003,-0.1063
E1,20212022,2021021000,2022-01-12,BOS,MTL,0.8628,0.767,0.0958
E1,20212022,2021020543,2022-02-12,OTT,BOS,0.3268,0.4147,-0.0879
E1,20212022,2021020518,2022-02-19,CGY,SEA,0.6429,0.726,-0.0831
E1,20212022,2021021045,2022-03-26,SJS,ANA,0.6378,0.7279,-0.0901
E1,20212022,2021021058,2022-03-28,LAK,SEA,0.5713,0.6615,-0.0902
E1,20212022,2021021298,2022-04-29,BUF,CHI,0.4567,0.5554,-0.0987
E1,20212022,2021021308,2022-04-29,MIN,COL,0.5189,0.6017,-0.0829
E2,20212022,2021020003,2021-10-13,TOR,MTL,0.7339,0.6338,0.1001
E2,20212022,2021020005,2021-10-13,COL,CHI,0.8686,0.7404,0.1282
E2,20212022,2021020009,2021-10-14,DET,TBL,0.1931,0.2918,-0.0986
E2,20212022,2021020014,2021-10-14,NSH,SEA,0.4693,0.5597,-0.0904
E2,20212022,2021020017,2021-10-15,NJD,CHI,0.4436,0.5274,-0.0838
E2,20212022,2021020020,2021-10-16,BOS,DAL,0.7084,0.6083,0.1001
E2,20212022,2021020023,2021-10-16,MTL,NYR,0.4194,0.5157,-0.0963
E2,20212022,2021020036,2021-10-18,PHI,SEA,0.4997,0.5914,-0.0918
E2,20212022,2021020041,2021-10-19,DET,CBJ,0.4256,0.5274,-0.1018
E2,20212022,2021020062,2021-10-22,BUF,BOS,0.2572,0.366,-0.1089
E2,20212022,2021020067,2021-10-23,OTT,NYR,0.3142,0.4054,-0.0912
E2,20212022,2021020080,2021-10-24,CHI,DET,0.6681,0.5791,0.089
E2,20212022,2021020148,2021-11-04,BOS,DET,0.7843,0.6948,0.0895
E2,20212022,2021020172,2021-11-06,ARI,SEA,0.3069,0.3931,-0.0863
E2,20212022,2021020211,2021-11-13,BUF,TOR,0.272,0.3586,-0.0866
E2,20212022,2021020216,2021-11-13,CAR,STL,0.4642,0.5597,-0.0955
E2,20212022,2021020276,2021-11-21,NYI,TOR,0.4139,0.5157,-0.1018
E2,20212022,2021020306,2021-11-26,TBL,SEA,0.5617,0.6476,-0.0859
E2,20212022,2021020318,2021-11-27,FLA,SEA,0.545,0.6476,-0.1026
E2,20212022,2021020348,2021-12-01,DET,SEA,0.39,0.5386,-0.1486
E2,20212022,2021020484,2021-12-19,WSH,LAK,0.6953,0.5696,0.1257
E2,20212022,2021020560,2021-12-31,DET,WSH,0.3204,0.4348,-0.1144
E2,20212022,2021020568,2022-01-01,FLA,MTL,0.8519,0.756,0.0959
E2,20212022,2021020585,2022-01-03,NYR,EDM,0.4377,0.5274,-0.0897
E2,20212022,2021020644,2022-01-11,ANA,PIT,0.3538,0.4455,-0.0917
E2,20212022,2021021000,2022-01-12,BOS,MTL,0.8583,0.7404,0.1178
E2,20212022,2021020650,2022-01-13,BOS,PHI,0.7825,0.6948,0.0877
E2,20212022,2021020655,2022-01-13,CHI,MTL,0.7265,0.6265,0.1
E2,20212022,2021020673,2022-01-15,CHI,ANA,0.6357,0.5386,0.0971
E2,20212022,2021020679,2022-01-15,SEA,LAK,0.5488,0.4566,0.0922
E2,20212022,2021020727,2022-01-22,NSH,DET,0.7266,0.6408,0.0858
E2,20212022,2021020757,2022-01-27,MTL,ANA,0.5093,0.4246,0.0847
E2,20212022,2021020487,2022-02-08,VAN,ARI,0.4911,0.2511,0.24
E2,20212022,2021020699,2022-02-09,EDM,CHI,0.5619,0.6476,-0.0857
E2,20212022,2021020621,2022-02-17,WPG,SEA,0.513,0.6189,-0.1059
E2,20212022,2021020518,2022-02-19,CGY,SEA,0.6279,0.7184,-0.0904
E2,20212022,2021020846,2022-02-27,SJS,SEA,0.4411,0.5274,-0.0862
E2,20212022,2021020885,2022-03-05,CBJ,BOS,0.2664,0.3515,-0.0851
E2,20212022,2021020951,2022-03-13,LAK,FLA,0.2901,0.3765,-0.0863
E2,20212022,2021021017,2022-03-22,ARI,SEA,0.4123,0.5157,-0.1034
E2,20212022,2021021044,2022-03-26,LAK,SEA,0.5633,0.6774,-0.1142
E2,20212022,2021021058,2022-03-28,LAK,SEA,0.5648,0.6844,-0.1195
E2,20212022,2021021149,2022-04-09,DAL,NJD,0.6233,0.7046,-0.0813
E2,20212022,2021021174,2022-04-12,CGY,SEA,0.6962,0.7826,-0.0864
E2,20212022,2021021236,2022-04-21,NJD,BUF,0.6361,0.5386,0.0975
E2,20212022,2021021257,2022-04-23,ARI,STL,0.1418,0.223,-0.0812
E2,20212022,2021021310,2022-04-28,VAN,LAK,0.6172,0.5274,0.0898
E2,20212022,2021021298,2022-04-29,BUF,CHI,0.432,0.5386,-0.1066
E2,20212022,2021021312,2022-04-29,SEA,SJS,0.6001,0.5157,0.0844
