run_utc,version,seasons,experiment,model,method,games,log_loss,low,high,train_cutoff
2026-09-29T13:32:19.171412+00:00,backtest-20260929-fb1bcf7,20182019 20212022,E1,B0,multiplicative,2583,0.65709,0.64687,0.66681,
2026-09-29T13:32:19.171412+00:00,backtest-20260929-fb1bcf7,20182019 20212022,E1,B0,power,2583,0.65696,0.64636,0.66719,
2026-09-29T13:32:19.171412+00:00,backtest-20260929-fb1bcf7,20182019 20212022,E1,B0,shin,2583,0.65699,0.64651,0.66706,
2026-09-29T13:32:19.171412+00:00,backtest-20260929-fb1bcf7,20182019 20212022,E2,B0,multiplicative,2580,0.66169,0.65122,0.67157,
2026-09-29T13:32:19.171412+00:00,backtest-20260929-fb1bcf7,20182019 20212022,E2,B0,power,2580,0.66171,0.65045,0.67223,
2026-09-29T13:32:19.171412+00:00,backtest-20260929-fb1bcf7,20182019 20212022,E2,B0,shin,2580,0.66166,0.65068,0.67196,
2026-09-29T13:40:21.786276+00:00,backtest-20260929-12d2957,20182019 20212022,E1,B0,multiplicative,2583,0.65709,0.64687,0.66681,
2026-09-29T13:40:21.786276+00:00,backtest-20260929-12d2957,20182019 20212022,E1,B0,power,2583,0.65696,0.64636,0.66719,
2026-09-29T13:40:21.786276+00:00,backtest-20260929-12d2957,20182019 20212022,E1,B0,shin,2583,0.65699,0.64651,0.66706,
2026-09-29T13:40:21.786276+00:00,backtest-20260929-12d2957,20182019 20212022,E2,B0,multiplicative,2580,0.66169,0.65122,0.67157,
2026-09-29T13:40:21.786276+00:00,backtest-20260929-12d2957,20182019 20212022,E2,B0,power,2580,0.66171,0.65045,0.67223,
2026-09-29T13:40:21.786276+00:00,backtest-20260929-12d2957,20182019 20212022,E2,B0,shin,2580,0.66166,0.65068,0.67196,
2026-09-29T13:48:28.373971+00:00,backtest-20260929-31f72de,20182019 20212022,E1,B0,multiplicative,2583,0.65709,0.64687,0.66681,
2026-09-29T13:48:28.373971+00:00,backtest-20260929-31f72de,20182019 20212022,E1,B0,power,2583,0.65696,0.64636,0.66719,
2026-09-29T13:48:28.373971+00:00,backtest-20260929-31f72de,20182019 20212022,E1,B0,shin,2583,0.65699,0.64651,0.66706,
2026-09-29T13:48:28.373971+00:00,backtest-20260929-31f72de,20182019 20212022,E1,B1,multiplicative,2583,0.65667,0.64561,0.66700,2018-04-09T10:00:00+00:00 2021-05-20T10:00:00+00:00
2026-09-29T13:48:28.373971+00:00,backtest-20260929-31f72de,20182019 20212022,E2,B0,multiplicative,2580,0.66169,0.65122,0.67157,
2026-09-29T13:48:28.373971+00:00,backtest-20260929-31f72de,20182019 20212022,E2,B0,power,2580,0.66171,0.65045,0.67223,
2026-09-29T13:48:28.373971+00:00,backtest-20260929-31f72de,20182019 20212022,E2,B0,shin,2580,0.66166,0.65068,0.67196,
2026-09-29T13:48:28.373971+00:00,backtest-20260929-31f72de,20182019 20212022,E2,B1,multiplicative,2580,0.66150,0.65028,0.67224,2018-04-09T10:00:00+00:00 2021-05-20T10:00:00+00:00
2026-09-30T09:05:45.154560+00:00,backtest-20260930-9911773,20182019 20212022,E1,B0,multiplicative,2583,0.65709,0.64687,0.66681,
2026-09-30T09:05:45.154560+00:00,backtest-20260930-9911773,20182019 20212022,E1,B0,power,2583,0.65696,0.64636,0.66719,
2026-09-30T09:05:45.154560+00:00,backtest-20260930-9911773,20182019 20212022,E1,B0,shin,2583,0.65699,0.64651,0.66706,
2026-09-30T09:05:45.154560+00:00,backtest-20260930-9911773,20182019 20212022,E1,B1,multiplicative,2583,0.65667,0.64561,0.66700,2018-04-09T10:00:00+00:00 2021-05-20T10:00:00+00:00
2026-09-30T09:05:45.154560+00:00,backtest-20260930-9911773,20182019 20212022,E2,B0,multiplicative,2580,0.66169,0.65122,0.67157,
2026-09-30T09:05:45.154560+00:00,backtest-20260930-9911773,20182019 20212022,E2,B0,power,2580,0.66171,0.65045,0.67223,
2026-09-30T09:05:45.154560+00:00,backtest-20260930-9911773,20182019 20212022,E2,B0,shin,2580,0.66166,0.65068,0.67196,
2026-09-30T09:05:45.154560+00:00,backtest-20260930-9911773,20182019 20212022,E2,B1,multiplicative,2580,0.66150,0.65028,0.67224,2018-04-09T10:00:00+00:00 2021-05-20T10:00:00+00:00
2026-09-30T09:12:20.392079+00:00,backtest-20260930-49f0d65,20182019 20212022,E1,B0,multiplicative,2583,0.65709,0.64687,0.66681,
2026-09-30T09:12:20.392079+00:00,backtest-20260930-49f0d65,20182019 20212022,E1,B0,power,2583,0.65696,0.64636,0.66719,
2026-09-30T09:12:20.392079+00:00,backtest-20260930-49f0d65,20182019 20212022,E1,B0,shin,2583,0.65699,0.64651,0.66706,
2026-09-30T09:12:20.392079+00:00,backtest-20260930-49f0d65,20182019 20212022,E1,B1,multiplicative,2583,0.65667,0.64561,0.66700,2018-04-09T10:00:00+00:00 2021-05-20T10:00:00+00:00
2026-09-30T09:12:20.392079+00:00,backtest-20260930-49f0d65,20182019 20212022,E2,B0,multiplicative,2580,0.66169,0.65122,0.67157,
2026-09-30T09:12:20.392079+00:00,backtest-20260930-49f0d65,20182019 20212022,E2,B0,power,2580,0.66171,0.65045,0.67223,
2026-09-30T09:12:20.392079+00:00,backtest-20260930-49f0d65,20182019 20212022,E2,B0,shin,2580,0.66166,0.65068,0.67196,
2026-09-30T09:12:20.392079+00:00,backtest-20260930-49f0d65,20182019 20212022,E2,B1,multiplicative,2580,0.66150,0.65028,0.67224,2018-04-09T10:00:00+00:00 2021-05-20T10:00:00+00:00
2026-09-30T09:19:49.020663+00:00,backtest-20260930-9b649c5,20182019 20212022,E1,B0,multiplicative,2583,0.65709,0.64687,0.66681,
2026-09-30T09:19:49.020663+00:00,backtest-20260930-9b649c5,20182019 20212022,E1,B0,power,2583,0.65696,0.64636,0.66719,
2026-09-30T09:19:49.020663+00:00,backtest-20260930-9b649c5,20182019 20212022,E1,B0,shin,2583,0.65699,0.64651,0.66706,
2026-09-30T09:19:49.020663+00:00,backtest-20260930-9b649c5,20182019 20212022,E1,B1,multiplicative,2583,0.65667,0.64561,0.66700,2018-04-09T10:00:00+00:00 2021-05-20T10:00:00+00:00
2026-09-30T09:19:49.020663+00:00,backtest-20260930-9b649c5,20182019 20212022,E2,B0,multiplicative,2580,0.66169,0.65122,0.67157,
2026-09-30T09:19:49.020663+00:00,backtest-20260930-9b649c5,20182019 20212022,E2,B0,power,2580,0.66171,0.65045,0.67223,
2026-09-30T09:19:49.020663+00:00,backtest-20260930-9b649c5,20182019 20212022,E2,B0,shin,2580,0.66166,0.65068,0.67196,
2026-09-30T09:19:49.020663+00:00,backtest-20260930-9b649c5,20182019 20212022,E2,B1,multiplicative,2580,0.66150,0.65028,0.67224,2018-04-09T10:00:00+00:00 2021-05-20T10:00:00+00:00
2026-09-30T09:32:05.224958+00:00,backtest-20260930-e908d53,20182019 20212022,E1,B0,multiplicative,2583,0.65709,0.64687,0.66681,
2026-09-30T09:32:05.224958+00:00,backtest-20260930-e908d53,20182019 20212022,E1,B0,power,2583,0.65696,0.64636,0.66719,
2026-09-30T09:32:05.224958+00:00,backtest-20260930-e908d53,20182019 20212022,E1,B0,shin,2583,0.65699,0.64651,0.66706,
2026-09-30T09:32:05.224958+00:00,backtest-20260930-e908d53,20182019 20212022,E1,B1,multiplicative,2583,0.65667,0.64561,0.66700,2018-04-09T10:00:00+00:00 2021-05-20T10:00:00+00:00
2026-09-30T09:32:05.224958+00:00,backtest-20260930-e908d53,20182019 20212022,E2,B0,multiplicative,2575,0.66046,0.65047,0.66998,
2026-09-30T09:32:05.224958+00:00,backtest-20260930-e908d53,20182019 20212022,E2,B0,power,2575,0.66027,0.64957,0.67042,
2026-09-30T09:32:05.224958+00:00,backtest-20260930-e908d53,20182019 20212022,E2,B0,shin,2575,0.66030,0.64984,0.67024,
2026-09-30T09:32:05.224958+00:00,backtest-20260930-e908d53,20182019 20212022,E2,B1,multiplicative,2575,0.66004,0.64935,0.67034,2018-04-09T10:00:00+00:00 2021-05-20T10:00:00+00:00
2026-09-30T09:51:25.669635+00:00,backtest-20260930-2392524,20182019 20212022,E1,B0,multiplicative,2583,0.65709,0.64687,0.66681,
2026-09-30T09:51:25.669635+00:00,backtest-20260930-2392524,20182019 20212022,E1,B0,power,2583,0.65696,0.64636,0.66719,
2026-09-30T09:51:25.669635+00:00,backtest-20260930-2392524,20182019 20212022,E1,B0,shin,2583,0.65699,0.64651,0.66706,
2026-09-30T09:51:25.669635+00:00,backtest-20260930-2392524,20182019 20212022,E1,B1,multiplicative,2583,0.65667,0.64561,0.66700,2018-04-09T10:00:00+00:00 2021-05-20T10:00:00+00:00
2026-09-30T09:51:25.669635+00:00,backtest-20260930-2392524,20182019 20212022,E2,B0,multiplicative,2575,0.66046,0.65047,0.66998,
2026-09-30T09:51:25.669635+00:00,backtest-20260930-2392524,20182019 20212022,E2,B0,power,2575,0.66027,0.64957,0.67042,
2026-09-30T09:51:25.669635+00:00,backtest-20260930-2392524,20182019 20212022,E2,B0,shin,2575,0.66030,0.64984,0.67024,
2026-09-30T09:51:25.669635+00:00,backtest-20260930-2392524,20182019 20212022,E2,B1,multiplicative,2575,0.66004,0.64935,0.67034,2018-04-09T10:00:00+00:00 2021-05-20T10:00:00+00:00
2026-09-30T10:08:42.783063+00:00,backtest-20260930-a18ef13,20182019 20212022,E1,B0,multiplicative,2583,0.65709,0.64687,0.66681,
2026-09-30T10:08:42.783063+00:00,backtest-20260930-a18ef13,20182019 20212022,E1,B0,power,2583,0.65696,0.64636,0.66719,
2026-09-30T10:08:42.783063+00:00,backtest-20260930-a18ef13,20182019 20212022,E1,B0,shin,2583,0.65699,0.64651,0.66706,
2026-09-30T10:08:42.783063+00:00,backtest-20260930-a18ef13,20182019 20212022,E1,B1,multiplicative,2583,0.65667,0.64561,0.66700,2018-04-09T10:00:00+00:00 2021-05-20T10:00:00+00:00
2026-09-30T10:08:42.783063+00:00,backtest-20260930-a18ef13,20182019 20212022,E2,B0,multiplicative,2573,0.66030,0.65049,0.66979,
2026-09-30T10:08:42.783063+00:00,backtest-20260930-a18ef13,20182019 20212022,E2,B0,power,2573,0.66008,0.64964,0.67016,
2026-09-30T10:08:42.783063+00:00,backtest-20260930-a18ef13,20182019 20212022,E2,B0,shin,2573,0.66012,0.64992,0.66999,
2026-09-30T10:08:42.783063+00:00,backtest-20260930-a18ef13,20182019 20212022,E2,B1,multiplicative,2573,0.65985,0.64910,0.67018,2018-04-09T10:00:00+00:00 2021-05-20T10:00:00+00:00
2026-09-30T10:35:07.288116+00:00,backtest-20260930-fb17031,20182019 20212022,E1,B0,multiplicative,2583,0.65709,0.64687,0.66681,
2026-09-30T10:35:07.288116+00:00,backtest-20260930-fb17031,20182019 20212022,E1,B0,power,2583,0.65696,0.64636,0.66719,
2026-09-30T10:35:07.288116+00:00,backtest-20260930-fb17031,20182019 20212022,E1,B0,shin,2583,0.65699,0.64651,0.66706,
2026-09-30T10:35:07.288116+00:00,backtest-20260930-fb17031,20182019 20212022,E1,B1,multiplicative,2583,0.65667,0.64561,0.66700,2018-04-09T10:00:00+00:00 2021-05-20T10:00:00+00:00
2026-09-30T10:35:07.288116+00:00,backtest-20260930-fb17031,20182019 20212022,E2,B0,multiplicative,2573,0.66030,0.65049,0.66979,
2026-09-30T10:35:07.288116+00:00,backtest-20260930-fb17031,20182019 20212022,E2,B0,power,2573,0.66008,0.64964,0.67016,
2026-09-30T10:35:07.288116+00:00,backtest-20260930-fb17031,20182019 20212022,E2,B0,shin,2573,0.66012,0.64992,0.66999,
2026-09-30T10:35:07.288116+00:00,backtest-20260930-fb17031,20182019 20212022,E2,B1,multiplicative,2573,0.65985,0.64910,0.67018,2018-04-09T10:00:00+00:00 2021-05-20T10:00:00+00:00
2026-09-30T12:48:32.930554+00:00,backtest-20260930-dad090c,20182019 20212022,E1,B0,multiplicative,2583,0.65709,0.64687,0.66681,
2026-09-30T12:48:32.930554+00:00,backtest-20260930-dad090c,20182019 20212022,E1,B0,power,2583,0.65696,0.64636,0.66719,
2026-09-30T12:48:32.930554+00:00,backtest-20260930-dad090c,20182019 20212022,E1,B0,shin,2583,0.65699,0.64651,0.66706,
2026-09-30T12:48:32.930554+00:00,backtest-20260930-dad090c,20182019 20212022,E1,B1,multiplicative,2583,0.65667,0.64561,0.66700,2018-04-09T10:00:00+00:00 2021-05-20T10:00:00+00:00
2026-09-30T12:48:32.930554+00:00,backtest-20260930-dad090c,20182019 20212022,E2,B0,multiplicative,2573,0.66030,0.65049,0.66979,
2026-09-30T12:48:32.930554+00:00,backtest-20260930-dad090c,20182019 20212022,E2,B0,power,2573,0.66008,0.64964,0.67016,
2026-09-30T12:48:32.930554+00:00,backtest-20260930-dad090c,20182019 20212022,E2,B0,shin,2573,0.66012,0.64992,0.66999,
2026-09-30T12:48:32.930554+00:00,backtest-20260930-dad090c,20182019 20212022,E2,B1,multiplicative,2573,0.65985,0.64910,0.67018,2018-04-09T10:00:00+00:00 2021-05-20T10:00:00+00:00
2026-09-30T13:05:46.249509+00:00,backtest-20260930-7301709,20182019 20212022,E1,B0,multiplicative,2583,0.65709,0.64687,0.66681,
2026-09-30T13:05:46.249509+00:00,backtest-20260930-7301709,20182019 20212022,E1,B0,power,2583,0.65696,0.64636,0.66719,
2026-09-30T13:05:46.249509+00:00,backtest-20260930-7301709,20182019 20212022,E1,B0,shin,2583,0.65699,0.64651,0.66706,
2026-09-30T13:05:46.249509+00:00,backtest-20260930-7301709,20182019 20212022,E1,B1,multiplicative,2583,0.65667,0.64561,0.66700,2018-04-09T10:00:00+00:00 2021-05-20T10:00:00+00:00
2026-09-30T13:05:46.249509+00:00,backtest-20260930-7301709,20182019 20212022,E2,B0,multiplicative,2573,0.66030,0.65049,0.66979,
2026-09-30T13:05:46.249509+00:00,backtest-20260930-7301709,20182019 20212022,E2,B0,power,2573,0.66008,0.64964,0.67016,
2026-09-30T13:05:46.249509+00:00,backtest-20260930-7301709,20182019 20212022,E2,B0,shin,2573,0.66012,0.64992,0.66999,
2026-09-30T13:05:46.249509+00:00,backtest-20260930-7301709,20182019 20212022,E2,B1,multiplicative,2573,0.65985,0.64910,0.67018,2018-04-09T10:00:00+00:00 2021-05-20T10:00:00+00:00
2026-10-01T11:13:54.277103+00:00,backtest-20261001-b406a8d,20182019 20212022,E1,B0,multiplicative,2583,0.65709,0.64687,0.66681,
2026-10-01T11:13:54.277103+00:00,backtest-20261001-b406a8d,20182019 20212022,E1,B0,power,2583,0.65696,0.64636,0.66719,
2026-10-01T11:13:54.277103+00:00,backtest-20261001-b406a8d,20182019 20212022,E1,B0,shin,2583,0.65699,0.64651,0.66706,
2026-10-01T11:13:54.277103+00:00,backtest-20261001-b406a8d,20182019 20212022,E1,B1,multiplicative,2583,0.65667,0.64561,0.66700,2018-04-09T10:00:00+00:00 2021-05-20T10:00:00+00:00
2026-10-01T11:13:54.277103+00:00,backtest-20261001-b406a8d,20182019 20212022,E1,B2,none,2583,0.66787,0.66069,0.67488,2018-04-09T10:00:00+00:00 2021-05-20T10:00:00+00:00
2026-10-01T11:13:54.277103+00:00,backtest-20261001-b406a8d,20182019 20212022,E2,B0,multiplicative,2573,0.66030,0.65049,0.66979,
2026-10-01T11:13:54.277103+00:00,backtest-20261001-b406a8d,20182019 20212022,E2,B0,power,2573,0.66008,0.64964,0.67016,
2026-10-01T11:13:54.277103+00:00,backtest-20261001-b406a8d,20182019 20212022,E2,B0,shin,2573,0.66012,0.64992,0.66999,
2026-10-01T11:13:54.277103+00:00,backtest-20261001-b406a8d,20182019 20212022,E2,B1,multiplicative,2573,0.65985,0.64910,0.67018,2018-04-09T10:00:00+00:00 2021-05-20T10:00:00+00:00
2026-10-01T11:13:54.277103+00:00,backtest-20261001-b406a8d,20182019 20212022,E2,B2,none,2573,0.66767,0.66054,0.67482,2018-04-09T10:00:00+00:00 2021-05-20T10:00:00+00:00
2026-10-01T11:30:57.792395+00:00,backtest-20261001-388bb85,20182019 20212022,E1,B0,multiplicative,2583,0.65709,0.64687,0.66681,
2026-10-01T11:30:57.792395+00:00,backtest-20261001-388bb85,20182019 20212022,E1,B0,power,2583,0.65696,0.64636,0.66719,
2026-10-01T11:30:57.792395+00:00,backtest-20261001-388bb85,20182019 20212022,E1,B0,shin,2583,0.65699,0.64651,0.66706,
2026-10-01T11:30:57.792395+00:00,backtest-20261001-388bb85,20182019 20212022,E1,B1,multiplicative,2583,0.65667,0.64561,0.66700,2018-04-09T10:00:00+00:00 2021-05-20T10:00:00+00:00
2026-10-01T11:30:57.792395+00:00,backtest-20261001-388bb85,20182019 20212022,E1,B2,none,2583,0.66787,0.66069,0.67488,2018-04-09T10:00:00+00:00 2021-05-20T10:00:00+00:00
2026-10-01T11:30:57.792395+00:00,backtest-20261001-388bb85,20182019 20212022,E2,B0,multiplicative,2573,0.66030,0.65049,0.66979,
2026-10-01T11:30:57.792395+00:00,backtest-20261001-388bb85,20182019 20212022,E2,B0,power,2573,0.66008,0.64964,0.67016,
2026-10-01T11:30:57.792395+00:00,backtest-20261001-388bb85,20182019 20212022,E2,B0,shin,2573,0.66012,0.64992,0.66999,
2026-10-01T11:30:57.792395+00:00,backtest-20261001-388bb85,20182019 20212022,E2,B1,multiplicative,2573,0.65985,0.64910,0.67018,2018-04-09T10:00:00+00:00 2021-05-20T10:00:00+00:00
2026-10-01T11:30:57.792395+00:00,backtest-20261001-388bb85,20182019 20212022,E2,B2,none,2573,0.66767,0.66054,0.67482,2018-04-09T10:00:00+00:00 2021-05-20T10:00:00+00:00
2026-10-03T13:14:36.266819+00:00,backtest-20261003-2bb7238,20182019 20212022,E1,B0,multiplicative,2583,0.65709,0.64687,0.66681,
2026-10-03T13:14:36.266819+00:00,backtest-20261003-2bb7238,20182019 20212022,E1,B0,power,2583,0.65696,0.64636,0.66719,
2026-10-03T13:14:36.266819+00:00,backtest-20261003-2bb7238,20182019 20212022,E1,B0,shin,2583,0.65699,0.64651,0.66706,
2026-10-03T13:14:36.266819+00:00,backtest-20261003-2bb7238,20182019 20212022,E1,B1,multiplicative,2583,0.65667,0.64561,0.66700,2018-04-09T10:00:00+00:00 2021-05-20T10:00:00+00:00
2026-10-03T13:14:36.266819+00:00,backtest-20261003-2bb7238,20182019 20212022,E1,B2,none,2583,0.66787,0.66069,0.67488,2018-04-09T10:00:00+00:00 2021-05-20T10:00:00+00:00
2026-10-03T13:14:36.266819+00:00,backtest-20261003-2bb7238,20182019 20212022,E1,B3,none,2582,0.66004,0.65209,0.66777,2018-04-09T10:00:00+00:00 2021-05-20T10:00:00+00:00
2026-10-03T13:14:36.266819+00:00,backtest-20261003-2bb7238,20182019 20212022,E2,B0,multiplicative,2573,0.66030,0.65049,0.66979,
2026-10-03T13:14:36.266819+00:00,backtest-20261003-2bb7238,20182019 20212022,E2,B0,power,2573,0.66008,0.64964,0.67016,
2026-10-03T13:14:36.266819+00:00,backtest-20261003-2bb7238,20182019 20212022,E2,B0,shin,2573,0.66012,0.64992,0.66999,
2026-10-03T13:14:36.266819+00:00,backtest-20261003-2bb7238,20182019 20212022,E2,B1,multiplicative,2573,0.65985,0.64910,0.67018,2018-04-09T10:00:00+00:00 2021-05-20T10:00:00+00:00
2026-10-03T13:14:36.266819+00:00,backtest-20261003-2bb7238,20182019 20212022,E2,B2,none,2573,0.66767,0.66054,0.67482,2018-04-09T10:00:00+00:00 2021-05-20T10:00:00+00:00
2026-10-03T13:14:36.266819+00:00,backtest-20261003-2bb7238,20182019 20212022,E2,B3,none,2572,0.65988,0.65197,0.66756,2018-04-09T10:00:00+00:00 2021-05-20T10:00:00+00:00
2026-10-03T13:24:46.070927+00:00,backtest-20261003-b1a7b04,20182019 20212022,E1,B0,multiplicative,2583,0.65709,0.64687,0.66681,
2026-10-03T13:24:46.070927+00:00,backtest-20261003-b1a7b04,20182019 20212022,E1,B0,power,2583,0.65696,0.64636,0.66719,
2026-10-03T13:24:46.070927+00:00,backtest-20261003-b1a7b04,20182019 20212022,E1,B0,shin,2583,0.65699,0.64651,0.66706,
2026-10-03T13:24:46.070927+00:00,backtest-20261003-b1a7b04,20182019 20212022,E1,B1,multiplicative,2583,0.65667,0.64561,0.66700,2018-04-09T10:00:00+00:00 2021-05-20T10:00:00+00:00
2026-10-03T13:24:46.070927+00:00,backtest-20261003-b1a7b04,20182019 20212022,E1,B2,none,2583,0.66787,0.66069,0.67488,2018-04-09T10:00:00+00:00 2021-05-20T10:00:00+00:00
2026-10-03T13:24:46.070927+00:00,backtest-20261003-b1a7b04,20182019 20212022,E1,B3,none,2583,0.66000,0.65205,0.66775,2018-04-09T10:00:00+00:00 2021-05-20T10:00:00+00:00
2026-10-03T13:24:46.070927+00:00,backtest-20261003-b1a7b04,20182019 20212022,E2,B0,multiplicative,2573,0.66030,0.65049,0.66979,
2026-10-03T13:24:46.070927+00:00,backtest-20261003-b1a7b04,20182019 20212022,E2,B0,power,2573,0.66008,0.64964,0.67016,
2026-10-03T13:24:46.070927+00:00,backtest-20261003-b1a7b04,20182019 20212022,E2,B0,shin,2573,0.66012,0.64992,0.66999,
2026-10-03T13:24:46.070927+00:00,backtest-20261003-b1a7b04,20182019 20212022,E2,B1,multiplicative,2573,0.65985,0.64910,0.67018,2018-04-09T10:00:00+00:00 2021-05-20T10:00:00+00:00
2026-10-03T13:24:46.070927+00:00,backtest-20261003-b1a7b04,20182019 20212022,E2,B2,none,2573,0.66767,0.66054,0.67482,2018-04-09T10:00:00+00:00 2021-05-20T10:00:00+00:00
2026-10-03T13:24:46.070927+00:00,backtest-20261003-b1a7b04,20182019 20212022,E2,B3,none,2573,0.65983,0.65192,0.66755,2018-04-09T10:00:00+00:00 2021-05-20T10:00:00+00:00
2026-10-03T15:48:46.576548+00:00,backtest-hockey-20261003-93d0f92,20232024 20242025,hockey,B2,none,2624,0.66723,0.65869,0.67586,2023-04-15T10:00:00+00:00 2024-04-19T10:00:00+00:00
2026-10-03T15:48:46.576548+00:00,backtest-hockey-20261003-93d0f92,20232024 20242025,hockey,B3,none,2624,0.65940,0.65011,0.66861,2023-04-15T10:00:00+00:00 2024-04-19T10:00:00+00:00
2026-10-03T17:15:22.697091+00:00,backtest-hockey-20261003-82fbada,20252026,hockey,B2,none,1312,0.69277,0.68163,0.70465,2025-04-18T10:00:00+00:00
2026-10-03T17:15:22.697091+00:00,backtest-hockey-20261003-82fbada,20252026,hockey,B3,none,1312,0.68977,0.67684,0.70345,2025-04-18T10:00:00+00:00
2026-10-04T12:55:30.605792+00:00,backtest-20261004-6f74840,20182019 20212022,E1,B0,multiplicative,2583,0.65709,0.64687,0.66681,
2026-10-04T12:55:30.605792+00:00,backtest-20261004-6f74840,20182019 20212022,E1,B0,power,2583,0.65696,0.64636,0.66719,
2026-10-04T12:55:30.605792+00:00,backtest-20261004-6f74840,20182019 20212022,E1,B0,shin,2583,0.65699,0.64651,0.66706,
2026-10-04T12:55:30.605792+00:00,backtest-20261004-6f74840,20182019 20212022,E1,B1,multiplicative,2583,0.65667,0.64561,0.66700,2018-04-09T10:00:00+00:00 2021-05-20T10:00:00+00:00
2026-10-04T12:55:30.605792+00:00,backtest-20261004-6f74840,20182019 20212022,E1,B2,none,2583,0.66787,0.66069,0.67488,2018-04-09T10:00:00+00:00 2021-05-20T10:00:00+00:00
2026-10-04T12:55:30.605792+00:00,backtest-20261004-6f74840,20182019 20212022,E1,B3,none,2583,0.66000,0.65205,0.66775,2018-04-09T10:00:00+00:00 2021-05-20T10:00:00+00:00
2026-10-04T12:55:30.605792+00:00,backtest-20261004-6f74840,20182019 20212022,E1,BLEND,multiplicative,1312,0.63968,0.62468,0.65450,2021-05-20T10:00:00+00:00
2026-10-04T12:55:30.605792+00:00,backtest-20261004-6f74840,20182019 20212022,E1,BLEND_B2,multiplicative,1312,0.64147,0.62698,0.65519,2021-05-20T10:00:00+00:00
2026-10-04T12:55:30.605792+00:00,backtest-20261004-6f74840,20182019 20212022,E1,BLEND_MARKET,multiplicative,1312,0.64192,0.62859,0.65500,2021-05-20T10:00:00+00:00
2026-10-04T12:55:30.605792+00:00,backtest-20261004-6f74840,20182019 20212022,E2,B0,multiplicative,2573,0.66030,0.65049,0.66979,
2026-10-04T12:55:30.605792+00:00,backtest-20261004-6f74840,20182019 20212022,E2,B0,power,2573,0.66008,0.64964,0.67016,
2026-10-04T12:55:30.605792+00:00,backtest-20261004-6f74840,20182019 20212022,E2,B0,shin,2573,0.66012,0.64992,0.66999,
2026-10-04T12:55:30.605792+00:00,backtest-20261004-6f74840,20182019 20212022,E2,B1,multiplicative,2573,0.65985,0.64910,0.67018,2018-04-09T10:00:00+00:00 2021-05-20T10:00:00+00:00
2026-10-04T12:55:30.605792+00:00,backtest-20261004-6f74840,20182019 20212022,E2,B2,none,2573,0.66767,0.66054,0.67482,2018-04-09T10:00:00+00:00 2021-05-20T10:00:00+00:00
2026-10-04T12:55:30.605792+00:00,backtest-20261004-6f74840,20182019 20212022,E2,B3,none,2573,0.65983,0.65192,0.66755,2018-04-09T10:00:00+00:00 2021-05-20T10:00:00+00:00
2026-10-04T12:55:30.605792+00:00,backtest-20261004-6f74840,20182019 20212022,E2,BLEND,multiplicative,1306,0.64098,0.62623,0.65592,2021-05-20T10:00:00+00:00
2026-10-04T12:55:30.605792+00:00,backtest-20261004-6f74840,20182019 20212022,E2,BLEND_B2,multiplicative,1306,0.64425,0.63035,0.65957,2021-05-20T10:00:00+00:00
2026-10-04T12:55:30.605792+00:00,backtest-20261004-6f74840,20182019 20212022,E2,BLEND_MARKET,multiplicative,1306,0.64591,0.63303,0.65968,2021-05-20T10:00:00+00:00
