season,game_id,game_date,prediction_utc,home,away,p_blend,p_b3,p_b1,gap,p_home,delta_g_hat,delta_low,delta_high,home_back_to_back,away_back_to_back,rest_diff,travel_diff,home_tz,away_tz,empty_seats,intercept,offset,term_delta_g_hat,term_home_back_to_back,term_away_back_to_back,term_rest_diff,term_travel_diff,term_home_tz,term_away_tz,term_empty_seats,out_of_range,home_xg_5v5,home_xg_pp,home_xg_sh,home_base,home_goals,home_jump,home_missed,home_starter_p,home_no_candidates,home_average_goalie,home_jump_flag,home_projection_miss,home_starter_surprise,away_xg_5v5,away_xg_pp,away_xg_sh,away_base,away_goals,away_jump,away_missed,away_starter_p,away_no_candidates,away_average_goalie,away_jump_flag,away_projection_miss,away_starter_surprise,no_candidates,average_goalie,jump,projection_miss,starter_surprise,flagged,logit_b3,logit_b1,driver,timid,other_favourite,experiment,review
20222023,2022020004,2022-10-11,2022-10-12T02:00:00.000000+0000,LAK,VGK,0.3941,0.4263,0.507,-0.1129,0.42633651931319133,-0.28702685073399337,-0.3549764752495759,-0.26336714139868445,0.0,0.0,0.0,-0.3625548413650494,0.0,0.0,0.0,0.012099468511785807,0.13740433224371104,-0.4365573676483027,0.02986376918110542,-0.046615329950973027,0.002168710293341703,0.00009861552106201217,-0.004551536278673787,0.006734431321373593,0.002462730463292881,false,1.9163955104057713,0.5431209891674256,0.084183312169496,0.9641404387960186,2.4524838526589496,,10,0.757355223456962,false,false,false,true,false,2.0709898528382817,0.6013635936458207,0.08403748117708809,1.010603784139782,2.7856191020629626,,5,0.5253916317163748,false,false,false,true,false,false,false,false,true,false,true,-0.29696328783666076,0.028001829548493135,delta_g_hat,false,true,E1,all
20222023,2022020004,2022-10-11,2022-10-11T14:00:01.000000+0000,LAK,VGK,0.377,0.4263,0.5154,-0.1384,0.42633651931319133,-0.28702685073399337,-0.3549764752495759,-0.26336714139868445,0.0,0.0,0.0,-0.3625548413650494,0.0,0.0,0.0,0.012099468511785807,0.13740433224371104,-0.4365573676483027,0.02986376918110542,-0.046615329950973027,0.002168710293341703,0.00009861552106201217,-0.004551536278673787,0.006734431321373593,0.002462730463292881,false,1.9163955104057713,0.5431209891674256,0.084183312169496,0.9641404387960186,2.4524838526589496,,10,0.757355223456962,false,false,false,true,false,2.0709898528382817,0.6013635936458207,0.08403748117708809,1.010603784139782,2.7856191020629626,,5,0.5253916317163748,false,false,false,true,false,false,false,false,true,false,true,-0.29696328783666076,0.06161948983583913,delta_g_hat,false,true,E2,all
20222023,2022020006,2022-10-12,2022-10-12T14:00:01.000000+0000,CAR,CBJ,0.7442,0.6424,0.6594,0.0847,0.6424050709607816,0.30692004681163004,0.16032464473493535,0.5285469941869634,0.0,0.0,0.0,-0.5964387362198076,0.0,0.0,0.0,0.012099468511785807,0.13723225197913924,0.4512264842813617,0.02986376918110542,-0.046615329950973027,0.002168710293341703,-0.00013247161921852983,-0.004551536278673787,0.006734431321373593,0.002462730463292881,false,2.605291283635295,0.5896750205115999,0.0873621885174373,0.9761423915069826,3.204019984540871,,7,0.043104668630642065,false,false,false,true,true,2.307957996275455,0.582994891086076,0.08361171604256833,1.0077009241751453,2.9974714998689858,,9,0.0,false,false,false,true,true,false,false,false,true,true,true,0.5857961193331928,0.6606215624090427,delta_g_hat,true,false,E2,all
20222023,2022020007,2022-10-12,2022-10-12T23:00:00.000000+0000,MTL,TOR,0.1683,0.3295,0.2892,-0.1209,0.32954911408050896,-0.5645944239487466,-0.6676290011181694,-0.4495156037297878,0.0,0.0,0.0,-0.5040660473764653,0.0,0.0,0.0,0.012099468511785807,0.13723225197913924,-0.8514429581575692,0.02986376918110542,-0.046615329950973027,0.002168710293341703,-0.000041203511518817394,-0.004551536278673787,0.006734431321373593,0.002462730463292881,false,2.271233913971408,0.5320196965376299,0.08773385802355273,0.9972490102035976,2.88303439150513,,9,0.0,false,false,false,true,true,2.5201509396368014,0.671713214004044,0.0838202863214212,1.0215811745824321,3.3463775577380486,,9,0.0,false,false,false,true,true,false,false,false,true,true,true,-0.7104473487791713,-0.8992726059958865,delta_g_hat,true,false,E1,all
20222023,2022020007,2022-10-12,2022-10-12T14:00:01.000000+0000,MTL,TOR,0.1623,0.3295,0.2913,-0.129,0.32954911408050896,-0.5645944239487466,-0.6676290011181694,-0.4495156037297878,0.0,0.0,0.0,-0.5040660473764653,0.0,0.0,0.0,0.012099468511785807,0.13723225197913924,-0.8514429581575692,0.02986376918110542,-0.046615329950973027,0.002168710293341703,-0.000041203511518817394,-0.004551536278673787,0.006734431321373593,0.002462730463292881,false,2.271233913971408,0.5320196965376299,0.08773385802355273,0.9972490102035976,2.88303439150513,,9,0.0,false,false,false,true,true,2.5201509396368014,0.671713214004044,0.0838202863214212,1.0215811745824321,3.3463775577380486,,9,0.0,false,false,false,true,true,false,false,false,true,true,true,-0.7104473487791713,-0.8890786418508214,delta_g_hat,true,false,E2,all
20222023,2022020011,2022-10-13,2022-10-13T23:00:00.000000+0000,PIT,ARI,0.8902,0.7342,0.7848,0.1054,0.7342130760130512,0.6196877720101068,0.5033205741380402,0.691306582772909,0.0,0.0,0.0,-2.926323694429166,0.0,3.0,0.0,0.012099468511785807,0.14171786411829765,0.9187264190118963,0.02986376918110542,-0.046615329950973027,0.002168710293341703,-0.0024344961023904086,-0.004551536278673787,-0.03404223924558633,0.002462730463292881,false,2.36513268562856,0.6169923189868778,0.08379931484901267,1.0196117988569084,3.126052610528291,,7,0.03618303319164175,false,false,false,true,true,1.9655828466464162,0.506556660094798,0.08681547389263321,0.9975186667800099,2.5526053606319414,,12,0.5707850365862187,false,false,false,true,false,false,false,false,true,true,true,1.0160373247835888,1.2938610799635242,delta_g_hat,true,false,E1,all
20222023,2022020011,2022-10-13,2022-10-13T14:00:01.000000+0000,PIT,ARI,0.8886,0.7342,0.7645,0.1241,0.7342130760130512,0.6196877720101068,0.5033205741380402,0.691306582772909,0.0,0.0,0.0,-2.926323694429166,0.0,3.0,0.0,0.012099468511785807,0.14171786411829765,0.9187264190118963,0.02986376918110542,-0.046615329950973027,0.002168710293341703,-0.0024344961023904086,-0.004551536278673787,-0.03404223924558633,0.002462730463292881,false,2.36513268562856,0.6169923189868778,0.08379931484901267,1.0196117988569084,3.126052610528291,,7,0.03618303319164175,false,false,false,true,true,1.9655828466464162,0.506556660094798,0.08681547389263321,0.9975186667800099,2.5526053606319414,,12,0.5707850365862187,false,false,false,true,false,false,false,false,true,true,true,1.0160373247835888,1.1775111119126442,delta_g_hat,true,false,E2,all
20222023,2022020025,2022-10-15,2022-10-15T14:00:01.000000+0000,BUF,FLA,0.2526,0.3044,0.3544,-0.1018,0.3043553601014874,-0.6464673782691058,-0.6812469161980701,-0.17124355594794594,0.0,0.0,0.0,-0.4899348102086399,0.0,0.0,0.0,0.012099468511785807,0.1429691031059436,-0.9738200377512995,0.02986376918110542,-0.046615329950973027,0.002168710293341703,-0.000027241253930423843,-0.004551536278673787,0.006734431321373593,0.002462730463292881,false,2.089903425157326,0.6501178763869484,0.08755693772607452,0.9951360649536729,2.81382508237613,0.05987175111894852,0,0.08496591052038492,false,false,false,false,true,2.4264965099760802,0.7186034358511758,0.08865381674905552,0.99588785942707,3.2204561125263567,0.03033272542821823,0,0.1268512388528136,false,false,false,false,false,false,false,false,false,true,true,-0.8264321564925972,-0.5997538982248131,delta_g_hat,false,false,E2,all
20222023,2022020026,2022-10-15,2022-10-15T14:00:01.000000+0000,PHI,VAN,0.3511,0.3827,0.4911,-0.14,0.38266484635274395,-0.3992944920753773,-0.4223809729067374,-0.19871370889697593,0.0,0.0,-1.0,-3.238772638355157,0.0,2.0,0.0,0.012099468511785807,0.1429691031059436,-0.6043659705536759,0.02986376918110542,-0.046615329950973027,0.012717550265292843,-0.002743208820640508,-0.004551536278673787,-0.020450015723266355,0.002462730463292881,false,2.0094977020563514,0.61306160364514,0.09005669960355708,0.9970043862782042,2.704490055577594,0.03431607275371834,2,0.795353436695563,false,false,false,false,false,2.120937779544672,0.6723717391671389,0.08350023911617022,1.019867811635164,2.9339656722067096,0.0021239713191758686,0,0.8516466192602365,false,false,false,false,false,false,false,false,false,false,false,-0.47810373696819364,-0.035603760549588116,delta_g_hat,false,false,E2,all
20222023,2022020027,2022-10-15,2022-10-15T23:00:00.000000+0000,BOS,ARI,0.8547,0.7568,0.7619,0.0928,0.7567541898237035,0.6745120232582951,0.6091858426867303,0.7369551751342618,0.0,0.0,1.0,-0.14091696246429694,0.0,0.0,0.0,0.012099468511785807,0.1429691031059436,1.0006732818600814,0.02986376918110542,-0.046615329950973027,-0.008380129678609436,0.0003176030817267861,-0.004551536278673787,0.006734431321373593,0.002462730463292881,false,2.2755500150723402,0.6885048242916009,0.0908426758438522,1.0092872473206382,3.083269103970731,0.060700328577204726,1,0.19121901477162312,false,false,false,false,false,1.797515456907957,0.6166230445812769,0.09009862949642299,0.9850601486040891,2.4668242003886087,0.012657846247733473,1,0.9053439627597077,false,false,false,false,false,false,false,false,false,false,false,1.1352148676456568,1.163124559986147,delta_g_hat,true,false,E1,all
20222023,2022020027,2022-10-15,2022-10-15T14:00:01.000000+0000,BOS,ARI,0.8548,0.7568,0.7335,0.1213,0.7567541898237035,0.6745120232582951,0.6091858426867303,0.7369551751342618,0.0,0.0,1.0,-0.14091696246429694,0.0,0.0,0.0,0.012099468511785807,0.1429691031059436,1.0006732818600814,0.02986376918110542,-0.046615329950973027,-0.008380129678609436,0.0003176030817267861,-0.004551536278673787,0.006734431321373593,0.002462730463292881,false,2.2755500150723402,0.6885048242916009,0.0908426758438522,1.0092872473206382,3.083269103970731,0.060700328577204726,1,0.19121901477162312,false,false,false,false,false,1.797515456907957,0.6166230445812769,0.09009862949642299,0.9850601486040891,2.4668242003886087,0.012657846247733473,1,0.9053439627597077,false,false,false,false,false,false,false,false,false,false,false,1.1352148676456568,1.0124533539771374,delta_g_hat,false,false,E2,all
20222023,2022020029,2022-10-15,2022-10-15T23:00:00.000000+0000,WSH,MTL,0.8622,0.7989,0.7356,0.1266,0.7989418720874696,0.7054485194596712,0.4955022149096724,0.798829118332296,0.0,1.0,1.0,-0.07368018131222095,0.0,0.0,0.0,0.012099468511785807,0.1429691031059436,1.04691465777493,0.02986376918110542,0.15435875844942817,-0.008380129678609436,0.00038403585379837615,-0.004551536278673787,0.006734431321373593,0.002462730463292881,false,2.1855552139749506,0.6834087451103183,0.08443975478322051,1.0571430405809878,3.1221701821421166,0.004512558314973235,0,0.5325073043620137,false,false,false,false,false,1.9848766230907378,0.563932302989802,0.09068498638070308,0.9842878448214093,2.598021774515706,0.02288480310466326,1,0.560399935150178,false,false,false,false,false,false,false,false,false,false,false,1.3794334847093903,1.023223384752635,delta_g_hat,false,false,E1,all
20222023,2022020029,2022-10-15,2022-10-15T14:00:01.000000+0000,WSH,MTL,0.8678,0.7989,0.6937,0.1741,0.7989418720874696,0.7054485194596712,0.4955022149096724,0.798829118332296,0.0,1.0,1.0,-0.07368018131222095,0.0,0.0,0.0,0.012099468511785807,0.1429691031059436,1.04691465777493,0.02986376918110542,0.15435875844942817,-0.008380129678609436,0.00038403585379837615,-0.004551536278673787,0.006734431321373593,0.002462730463292881,false,2.1855552139749506,0.6834087451103183,0.08443975478322051,1.0571430405809878,3.1221701821421166,0.004512558314973235,0,0.5325073043620137,false,false,false,false,false,1.9848766230907378,0.563932302989802,0.09068498638070308,0.9842878448214093,2.598021774515706,0.02288480310466326,1,0.560399935150178,false,false,false,false,false,false,false,false,false,false,false,1.3794334847093903,0.817474576552526,delta_g_hat,false,false,E2,all
20222023,2022020030,2022-10-15,2022-10-15T14:00:01.000000+0000,TOR,OTT,0.718,0.6871,0.6366,0.0814,0.6870612449892157,0.43400937533240586,0.42120427649242886,0.584352198532446,0.0,0.0,0.0,-0.09463941912415547,0.0,0.0,0.0,0.012099468511785807,0.1429691031059436,0.6411893480989341,0.02986376918110542,-0.046615329950973027,0.002168710293341703,0.0003633272439497694,-0.004551536278673787,0.006734431321373593,0.002462730463292881,false,2.3480729948312478,0.7337763758708038,0.09092805491274868,1.0294497173808548,3.2662148241115116,0.01193249635304297,0,0.4257726553291479,false,false,false,false,false,1.9656244901898272,0.6471370203041301,0.08911813034046004,1.0132584385143288,2.7377023459255376,0.008215472882661917,1,0.8990021990346924,false,false,false,false,false,false,false,false,false,false,false,0.7865961913621939,0.5606373588859219,delta_g_hat,false,false,E2,all
20222023,2022020033,2022-10-15,2022-10-16T00:00:00.000000+0000,STL,CBJ,0.817,0.7243,0.7068,0.1102,0.724258895085942,0.4505728791149855,0.4115555977215055,0.6467477903544339,0.0,1.0,3.0,-0.6367879582420687,0.0,1.0,0.0,0.012099468511785807,0.1429691031059436,0.6659471357905865,0.02986376918110542,0.15435875844942817,-0.029477809622511716,-0.0001723383502538553,-0.004551536278673787,-0.006857792200946382,0.002462730463292881,false,2.2797613786326516,0.650157835300449,0.08100482387104724,1.051363149396813,3.1655745789803373,,7,0.5705904705828453,false,false,false,true,false,2.0783804099983723,0.577166890489077,0.08409271004597388,1.003893154468836,2.750305852283434,0.018637423171817658,0,0.6727369196872524,false,false,false,false,false,false,false,false,true,false,true,0.9658923531715297,0.8798927704330448,delta_g_hat,false,false,E1,all
20222023,2022020033,2022-10-15,2022-10-15T14:00:01.000000+0000,STL,CBJ,0.816,0.7243,0.6676,0.1484,0.724258895085942,0.4505728791149855,0.4115555977215055,0.6467477903544339,0.0,1.0,3.0,-0.6367879582420687,0.0,1.0,0.0,0.012099468511785807,0.1429691031059436,0.6659471357905865,0.02986376918110542,0.15435875844942817,-0.029477809622511716,-0.0001723383502538553,-0.004551536278673787,-0.006857792200946382,0.002462730463292881,false,2.2797613786326516,0.650157835300449,0.08100482387104724,1.051363149396813,3.1655745789803373,,7,0.5705904705828453,false,false,false,true,false,2.0783804099983723,0.577166890489077,0.08409271004597388,1.003893154468836,2.750305852283434,0.018637423171817658,0,0.6727369196872524,false,false,false,false,false,false,false,false,true,false,true,0.9658923531715297,0.6973501288063867,delta_g_hat,false,false,E2,all
20222023,2022020040,2022-10-17,2022-10-17T14:00:01.000000+0000,TOR,ARI,0.8978,0.8143,0.8059,0.0919,0.8143017361416818,0.8964439341422141,0.8267017788862576,0.960447180630255,0.0,0.0,0.0,-0.6907287801074272,0.0,0.0,0.0,0.012099468511785807,0.144199036123591,1.3323991777689868,0.02986376918110542,-0.046615329950973027,0.002168710293341703,-0.00022563415446897074,-0.004551536278673787,0.006734431321373593,0.002462730463292881,false,2.4152793049979904,0.7631133388629326,0.08729809115505566,1.030782854695721,3.3662180183931376,0.002904299867865917,0,0.27110693956041154,false,false,false,false,false,1.857242909024245,0.5983578156309554,0.09002064623645487,0.9849141722517143,2.507218565378029,0.022242398204184388,1,0.8955049022618049,false,false,false,false,false,false,false,false,false,false,false,1.4781963801144258,1.4235861751555008,delta_g_hat,false,false,E2,all
20222023,2022020042,2022-10-17,2022-10-17T14:00:01.000000+0000,MTL,PIT,0.1986,0.2934,0.2813,-0.0827,0.2933788051799994,-0.6824739738329229,-0.7822278411195045,-0.4587351534063111,0.0,0.0,0.0,0.019670266231094274,0.0,0.0,0.0,0.012099468511785807,0.144199036123591,-1.027639788703132,0.02986376918110542,-0.046615329950973027,0.002168710293341703,0.0004762700282809318,-0.004551536278673787,0.006734431321373593,0.002462730463292881,false,2.070898576453569,0.6002800629762866,0.08838015012461803,0.9817440473496082,2.7091804149563945,0.010672599298937324,0,0.417554009588044,false,false,false,false,false,2.3752119696236096,0.7203153247507812,0.08532545647564507,1.0295646933522613,3.274893687027614,0.01915088954741406,0,0.27451945666856953,false,false,false,false,false,false,false,false,false,false,false,-0.8789278692161635,-0.9380223089785857,delta_g_hat,true,false,E2,all
20222023,2022020052,2022-10-18,2022-10-18T14:00:01.000000+0000,NSH,LAK,0.6563,0.6613,0.5707,0.0856,0.6613187844070494,0.2460143109121438,0.009185077860113466,0.32251239130544906,0.0,1.0,2.0,0.2339872306582365,0.0,1.0,0.0,0.012099468511785807,0.14462951157164355,0.3601895093516234,0.02986376918110542,0.15435875844942817,-0.018928969650560575,0.0006880242170583613,-0.004551536278673787,-0.006857792200946382,0.002462730463292881,false,2.228698360286687,0.6818707155160209,0.09337226091315966,1.030102332897603,3.0943669788385586,0.005623214540186688,0,0.7618663798358339,false,false,false,false,false,2.2107243774391936,0.6621315544153692,0.09033935674583758,0.9746058859162215,2.887947569389167,0.0040905404840350336,1,0.6380794755609,false,false,false,false,false,false,false,false,false,false,false,0.6690928348568906,0.2847077023121475,delta_g_hat,false,false,E2,all
20222023,2022020053,2022-10-18,2022-10-18T14:00:01.000000+0000,TBL,PHI,0.7708,0.746,0.6883,0.0826,0.7459977668242871,0.6290960619756413,0.41874885411567453,0.6797245308686621,0.0,0.0,0.0,-0.08064397260002033,0.0,0.0,0.0,0.012099468511785807,0.14462951157164355,0.9327891709854965,0.02986376918110542,-0.046615329950973027,0.002168710293341703,0.00037715533466212934,-0.004551536278673787,0.006734431321373593,0.002462730463292881,false,2.2967389069070014,0.6782689882775278,0.08837748405594827,1.0679804773768915,3.271635779710635,0.031100153438683723,3,0.7582490835569993,false,false,false,false,false,2.075809677954349,0.6204986179322836,0.08931068190362854,1.0008509735734608,2.7879894659260915,0.0009595363573565163,1,0.793228564163483,false,false,false,false,false,false,false,false,false,false,false,1.0773913331852243,0.7921836026310273,delta_g_hat,false,false,E2,all
20222023,2022020056,2022-10-19,2022-10-19T14:00:01.000000+0000,FLA,PHI,0.8429,0.7504,0.7453,0.0976,0.7504425185148194,0.5157579912872549,0.19844186731391789,0.6218068322732155,0.0,1.0,1.0,1.7008305181460568,0.0,0.0,0.0,0.012099468511785807,0.146359735063813,0.7633805767461717,0.02986376918110542,0.15435875844942817,-0.008380129678609436,0.00213732717464665,-0.004551536278673787,0.006734431321373593,0.002462730463292881,false,2.426184185231016,0.7420609930957895,0.08835966589491384,0.9949702553366342,3.240224953385804,0.003292358033712778,2,0.6433462653068003,false,false,false,false,false,2.0830495783083016,0.6383043123954774,0.09247636190362529,1.0004736944363128,2.8151631483427932,0.008828787760089218,0,0.5586545661352782,false,false,false,false,false,false,false,false,false,false,false,1.100746761196742,1.0737004399022367,delta_g_hat,false,false,E2,all
20222023,2022020063,2022-10-20,2022-10-20T23:00:00.000000+0000,CBJ,NSH,0.3625,0.3515,0.4449,-0.0824,0.35152167863388034,-0.4964668277229232,-0.709996751991719,-0.2665301856367841,0.0,0.0,0.0,-0.5370654360725833,0.0,1.0,0.0,0.012099468511785807,0.14487951397853413,-0.7496113296904394,0.02986376918110542,-0.046615329950973027,0.002168710293341703,-0.00007380829762231341,-0.004551536278673787,-0.006857792200946382,0.002462730463292881,false,2.0928028475433695,0.6105730346337539,0.0863561266223915,1.0024110162671371,2.796458098053684,0.004358090150444471,0,0.6251327685052539,false,false,false,false,false,2.3885801267539355,0.6319426309343816,0.08871178612653444,1.0309344519752741,3.2054170104903554,0.002543223121635619,2,0.1863561766682189,false,false,false,false,false,false,false,false,false,false,false,-0.6124522925057792,-0.22129873988411938,delta_g_hat,false,false,E1,all
20222023,2022020063,2022-10-20,2022-10-20T14:00:01.000000+0000,CBJ,NSH,0.3374,0.3515,0.4433,-0.1059,0.35152167863388034,-0.4964668277229232,-0.709996751991719,-0.2665301856367841,0.0,0.0,0.0,-0.5370654360725833,0.0,1.0,0.0,0.012099468511785807,0.14487951397853413,-0.7496113296904394,0.02986376918110542,-0.046615329950973027,0.002168710293341703,-0.00007380829762231341,-0.004551536278673787,-0.006857792200946382,0.002462730463292881,false,2.0928028475433695,0.6105730346337539,0.0863561266223915,1.0024110162671371,2.796458098053684,0.004358090150444471,0,0.6251327685052539,false,false,false,false,false,2.3885801267539355,0.6319426309343816,0.08871178612653444,1.0309344519752741,3.2054170104903554,0.002543223121635619,2,0.1863561766682189,false,false,false,false,false,false,false,false,false,false,false,-0.6124522925057792,-0.2277797534384541,delta_g_hat,false,false,E2,all
20222023,2022020065,2022-10-20,2022-10-20T14:00:01.000000+0000,OTT,WSH,0.4247,0.4056,0.5154,-0.0907,0.4055758676279025,-0.35621832698589284,-0.45191019440100577,-0.19913306192509994,0.0,0.0,-1.0,-0.7172009675605141,0.0,0.0,0.0,0.012099468511785807,0.14487951397853413,-0.5399791980534236,0.02986376918110542,-0.046615329950973027,0.012717550265292843,-0.0002517897907914425,-0.004551536278673787,0.006734431321373593,0.002462730463292881,false,2.1604999034402224,0.6221159717930521,0.09007060760403315,1.0193314362791353,2.9282196385302104,0.023279542256343877,0,0.884773282885581,false,false,false,false,false,2.285043261219998,0.6569217178751756,0.0903937698942315,1.0608624703598595,3.216915593470233,0.0011844379161694285,2,0.6344423261975551,false,false,false,false,false,false,false,false,false,false,false,-0.382185041126576,0.06161948983583913,delta_g_hat,false,true,E2,all
20222023,2022020076,2022-10-22,2022-10-22T14:00:01.000000+0000,OTT,ARI,0.742,0.7039,0.6594,0.0826,0.703932269835543,0.48292964992593845,0.3958107157003634,0.49636376728671205,0.0,0.0,0.0,-0.18541743016971296,0.0,0.0,0.0,0.012099468511785807,0.14959113536265703,0.7143114234823942,0.02986376918110542,-0.046615329950973027,0.002168710293341703,0.0002736347450887408,-0.004551536278673787,0.006734431321373593,0.002462730463292881,false,2.3131450709462102,0.685331062910399,0.09161237391244802,1.0218863810278285,3.157719362259805,0.012003656936075302,0,0.8730957152840543,false,false,false,false,false,2.1177635399260333,0.5980976918660417,0.09686912347003843,0.9836417261277061,2.766718941781821,0.000499542192600122,0,0.8076575911018229,false,false,false,false,false,false,false,false,false,false,false,0.8659390655065401,0.6606215624090427,delta_g_hat,false,false,E2,all
20222023,2022020078,2022-10-22,2022-10-22T14:00:01.000000+0000,MTL,DAL,0.308,0.3515,0.4118,-0.1038,0.3514609525720657,-0.5071778900510665,-0.6098015717226084,-0.39202608361751556,0.0,0.0,0.0,-0.5040660473764653,0.0,0.0,0.0,0.012099468511785807,0.14959113536265703,-0.7656213605723793,0.02986376918110542,-0.046615329950973027,0.002168710293341703,-0.000041203511518817394,-0.004551536278673787,0.006734431321373593,0.002462730463292881,false,2.039558716377837,0.5503157956600268,0.08793801999971294,0.9839611266217165,2.6348634359054453,0.002208169487158629,1,0.480078362925705,false,false,false,false,false,2.297642485566757,0.6239422516034822,0.0848609522726035,0.9977324420117187,2.9996283995034125,0.007753072026011113,0,0.7679930927492743,false,false,false,false,false,false,false,false,false,false,false,-0.6124522925057792,-0.35652923152620575,delta_g_hat,false,false,E2,all
20222023,2022020083,2022-10-22,2022-10-22T14:00:01.000000+0000,NSH,PHI,0.7315,0.7144,0.6291,0.1023,0.714373011433939,0.5136018133698784,0.25176060615142415,0.625375843497475,0.0,0.0,-1.0,-0.7324051309382605,1.0,1.0,0.0,0.012099468511785807,0.14959113536265703,0.7601576961404404,0.02986376918110542,-0.046615329950973027,0.012717550265292843,-0.00026681214467135997,0.011740134960613092,-0.006857792200946382,0.002462730463292881,false,2.291564249047127,0.6453774574608486,0.08965050888530542,1.0331810152871068,3.127017617960084,0.0009067266842941665,1,0.7050593867692548,false,false,false,false,false,2.0390599446216844,0.6065620966664639,0.08953715979205264,1.0000231252302945,2.7352224522666178,0.0011868681850556728,1,0.6619792371963817,false,false,false,false,false,false,false,false,false,false,false,0.9168507990968602,0.5283577420804387,delta_g_hat,false,false,E2,all
20222023,2022020084,2022-10-22,2022-10-22T14:00:01.000000+0000,VAN,BUF,0.6991,0.663,0.602,0.0971,0.6630258871006723,0.3453227662595841,0.16921242175175966,0.49096462998497614,0.0,0.0,0.0,1.6315599955293951,2.0,1.0,0.0,0.012099468511785807,0.14959113536265703,0.5086277676906417,0.02986376918110542,-0.046615329950973027,0.002168710293341703,0.0020688849803383856,0.02803180619989997,-0.006857792200946382,0.002462730463292881,false,2.3577920072720784,0.6238933153448626,0.08517425107311828,1.0212152106719252,3.1319236456471042,0.04318307371243167,2,0.6749963626272688,false,false,false,false,false,2.2088286397586216,0.5901461890315882,0.08462168625016706,0.9982653411963099,2.8785944589592725,0.0043498493676314975,2,0.37336496398826247,false,false,false,false,false,false,false,false,false,false,false,0.6766920598335009,0.4138054400243832,delta_g_hat,false,false,E2,all
20222023,2022020087,2022-10-23,2022-10-23T14:00:01.000000+0000,CHI,SEA,0.3604,0.3949,0.4433,-0.0829,0.39487833277600337,-0.3709690096685139,-0.5363434453512772,-0.3098677118080313,0.0,0.0,0.0,-1.4752068328424155,0.0,1.0,0.0,0.012099468511785807,0.14723792331972216,-0.5620273271785761,0.02986376918110542,-0.046615329950973027,0.002168710293341703,-0.0010007315160549543,-0.004551536278673787,-0.006857792200946382,0.002462730463292881,false,1.914446301590135,0.5675843537756952,0.08655242674285889,1.0082343481865779,2.5897336895529253,0.0022817179042411984,1,0.2780341822308438,false,false,false,false,false,2.1762196085374774,0.5702604318049492,0.08603334355569899,1.029069042196924,2.914851834978012,0.0117764122283025,1,0.49421688798320856,false,false,false,false,false,false,false,false,false,false,false,-0.42676116533567204,-0.2277797534384541,delta_g_hat,false,false,E2,all
20222023,2022020089,2022-10-23,2022-10-23T14:00:01.000000+0000,NYR,CBJ,0.7255,0.7261,0.6438,0.0818,0.726116642028919,0.4399902825494842,0.23468770780252823,0.6209795554778399,0.0,1.0,2.0,-0.7682041083583853,0.0,0.0,0.0,0.012099468511785807,0.14723792331972216,0.65012912515502,0.02986376918110542,0.15435875844942817,-0.018928969650560575,-0.00030218304236451514,-0.004551536278673787,0.006734431321373593,0.002462730463292881,false,2.2106837400040016,0.5896475565743341,0.08490794642926078,1.0144000215502575,2.9267867502845544,0.0042488954466659845,1,0.20931730041920346,false,false,false,false,false,2.0695622977568977,0.5631214761413416,0.08435208371576396,1.0017520380611156,2.721796207849959,0.010372142065866785,1,0.6674901928434239,false,false,false,false,false,false,false,false,false,false,false,0.9749246701171685,0.5918957480091467,delta_g_hat,false,false,E2,all
20222023,2022020101,2022-10-25,2022-10-25T14:00:01.000000+0000,MTL,MIN,0.2597,0.3046,0.3726,-0.1129,0.30464374141042055,-0.6498444043785185,-0.7554245683216618,-0.5433567738908924,0.0,0.0,0.0,-0.40172211340737357,0.0,0.0,0.0,0.012099468511785807,0.14983823329073456,-0.9788677436318597,0.02986376918110542,-0.046615329950973027,0.002168710293341703,0.0000599166063955217,-0.004551536278673787,0.006734431321373593,0.002462730463292881,false,1.9627907899209678,0.5411466427853234,0.09347066025047031,0.9831067507058203,2.553529430523723,0.010103218915466339,0,0.5513080705318689,false,false,false,false,false,2.232321431089259,0.6047303413791307,0.08640317441674202,1.0624148394185962,3.105921917942468,0.013496951843374407,0,0.8159163552175861,false,false,false,false,false,false,false,false,false,false,false,-0.8254877791126997,-0.5210788375890896,delta_g_hat,false,false,E2,all
20222023,2022020105,2022-10-25,2022-10-25T14:00:01.000000+0000,SEA,BUF,0.6117,0.6256,0.5274,0.0843,0.6256151117359231,0.21815951119241106,0.11788371080539717,0.48548723678862293,0.0,0.0,-1.0,2.5947203744627063,2.0,0.0,0.0,0.012099468511785807,0.14983823329073456,0.3185544044422419,0.02986376918110542,-0.046615329950973027,0.012717550265292843,0.0030205280070523055,0.02803180619989997,0.006734431321373593,0.002462730463292881,false,2.29081784020541,0.5675729224961344,0.08435446860499644,1.023861272715829,3.0129628778039512,0.011405716360104115,2,0.7650940552279326,false,false,false,false,false,2.1112747976383885,0.5492238896111766,0.0843466741728823,0.9994464036125547,2.743325824946268,0.033612032615603776,1,0.5706511506573977,false,false,false,false,false,false,false,false,false,false,false,0.5133864446276645,0.1097099091663787,delta_g_hat,false,false,E2,all
20222023,2022020151,2022-11-01,2022-11-01T14:00:01.000000+0000,MIN,MTL,0.7781,0.7443,0.6937,0.0844,0.74428050802107,0.6140985612657583,0.5169151492013349,0.7428204937189626,0.0,0.0,-1.0,-0.18737965757029498,0.0,0.0,0.0,0.012099468511785807,0.1467661463193651,0.9103721182076174,0.02986376918110542,-0.046615329950973027,0.012717550265292843,0.0002716959817597728,-0.004551536278673787,0.006734431321373593,0.002462730463292881,false,2.2619916548843237,0.6195965479354804,0.08752575096215352,1.0539279851770509,3.1292322870704865,0.006298645979196297,1,0.7664480383637092,false,false,false,false,false,1.9970232904350653,0.555805642643833,0.09457485324593347,0.9808961314424475,2.5968281323721154,0.0018477040731671446,2,0.6380268560614732,false,false,false,false,false,false,false,false,false,false,false,1.068439297068724,0.817474576552526,delta_g_hat,false,false,E2,all
20222023,2022020160,2022-11-02,2022-11-02T14:00:01.000000+0000,BUF,PIT,0.3681,0.3933,0.4548,-0.0867,0.3933362444744979,-0.512740647551469,-0.6409892612603256,-0.4341375672881793,0.0,1.0,1.0,-0.28615819025750155,0.0,0.0,0.0,0.012099468511785807,0.14575962107277876,-0.7739361212041217,0.02986376918110542,0.15435875844942817,-0.008380129678609436,0.0001740986305014921,-0.004551536278673787,0.006734431321373593,0.002462730463292881,false,2.143446009974079,0.5698322060178684,0.08517332594462293,1.0038730313047775,2.8092900323633936,0.010554451440539264,0,0.6386526231202756,false,false,false,false,false,2.4555203798928793,0.6343918135902918,0.08596037398652921,1.024621303908337,3.2540666911275222,0.021963697613949763,1,0.7101588363842313,false,false,false,false,false,false,false,false,false,false,false,-0.43346175551048843,-0.18129493794599663,delta_g_hat,false,false,E2,all
20222023,2022020164,2022-11-03,2022-11-03T14:00:01.000000+0000,DET,WSH,0.353,0.3531,0.4433,-0.0904,0.3531235797213575,-0.49383123310713717,-0.60001112212211,-0.41753061452775686,0.0,0.0,1.0,-0.28982034556593855,0.0,0.0,0.0,0.012099468511785807,0.14788079286411077,-0.7456718557243381,0.02986376918110542,-0.046615329950973027,-0.008380129678609436,0.00017048026679151779,-0.004551536278673787,0.006734431321373593,0.002462730463292881,false,2.0242805826023345,0.4949632131145973,0.08591964555505882,0.995010976301037,2.5921662191238126,0.011166157009477207,1,0.5984305306764192,false,false,false,false,false,2.207774811407176,0.5907140076309345,0.08353222889386105,1.0583678913578134,3.0502385393485962,0.0058128596399508875,1,0.7808132989077646,false,false,false,false,false,false,false,false,false,false,false,-0.605440420115599,-0.2277797534384541,delta_g_hat,false,false,E2,all
20222023,2022020169,2022-11-03,2022-11-04T01:00:00.000000+0000,CGY,NSH,0.625,0.5273,0.7068,-0.0818,0.5272991795504671,-0.02134264939886276,-0.1682934917479728,0.2518780716021407,0.0,0.0,0.0,-0.28156831484753003,0.0,0.0,0.0,0.012099468511785807,0.14788079286411077,-0.03943408165615624,0.02986376918110542,-0.046615329950973027,0.002168710293341703,0.00017863362075121826,-0.004551536278673787,0.006734431321373593,0.002462730463292881,false,2.2308692000440216,0.6649553017562231,0.09111730309309941,0.9892826826502871,2.954929801665178,0.014285379498191947,2,0.7679930927492743,false,false,false,false,false,2.1004428773236676,0.6240735403463104,0.09136640192883844,1.0292496710467975,2.898246465778411,0.013499555876788912,3,0.1683635629073967,false,false,false,false,false,false,false,false,false,false,false,0.10930870873723347,0.8798927704330448,away_back_to_back,true,false,E1,all
20222023,2022020209,2022-11-09,2022-11-09T15:00:01.000000+0000,MTL,VAN,0.3158,0.3261,0.4433,-0.1276,0.3260588673157635,-0.5242266912049219,-0.6087954156059809,-0.4541989605750576,1.0,1.0,0.0,0.6507193695990763,0.0,0.0,0.0,0.012099468511785807,0.13533475744696438,-0.7911045315792452,-0.2453390084871031,0.15435875844942817,0.002168710293341703,0.0010997731248257616,-0.004551536278673787,0.006734431321373593,0.002462730463292881,false,2.1645078982070403,0.5599564714757486,0.09026768357189979,0.9816456671760302,2.763069524338956,0.0012564903324027987,1,0.6989865507675139,false,false,false,false,false,2.3177929022588293,0.6390133163239092,0.08409388492618451,1.032415966772575,3.139473820222988,0.01877278752643198,1,0.9291828519311216,false,false,false,false,false,false,false,false,false,false,false,-0.7258776491568977,-0.2277797534384541,delta_g_hat,false,false,E2,all
20222023,2022020212,2022-11-10,2022-11-10T15:00:01.000000+0000,CAR,EDM,0.4644,0.4307,0.5805,-0.1161,0.43069510294000857,-0.09757748058231322,-0.2226068025331882,0.021824966257976808,1.0,0.0,-1.0,0.14114015740076447,0.0,0.0,0.0,0.012099468511785807,0.13503409990824441,-0.15338375015165095,-0.2453390084871031,-0.046615329950973027,0.012717550265292843,0.0005962873975744408,-0.004551536278673787,0.006734431321373593,0.002462730463292881,false,2.345295265366436,0.5989374099968147,0.091603581008907,0.9562052329940434,2.902882514856103,0.02090711073589835,2,0.4120099729185469,false,false,false,false,false,2.265959242290212,0.6878466697933089,0.08416298371863237,1.0100910700489398,3.0686252527361932,0.011195777793570234,2,0.5892946321757878,false,false,false,false,false,false,false,false,false,false,false,-0.27899574389697107,0.3248262752306854,home_back_to_back,true,true,E2,all
20222023,2022020252,2022-11-15,2022-11-15T15:00:01.000000+0000,BUF,VAN,0.4021,0.4181,0.4911,-0.089,0.41808372806019073,-0.3015823085049968,-0.4088682287028691,-0.26219464863504305,0.0,0.0,1.0,-0.6416417919645035,0.0,0.0,0.0,0.012099468511785807,0.13558534919892565,-0.45831369034304054,0.02986376918110542,-0.046615329950973027,-0.008380129678609436,-0.00017713414243531903,-0.004551536278673787,0.006734431321373593,0.002462730463292881,false,2.2037629001273444,0.5750089395206881,0.08579991209896123,1.0001708434501255,2.8650611450681946,0.026438134418375503,2,0.253026697854041,false,false,false,false,false,2.3020125522796797,0.5958688651151118,0.08695077232444702,1.0272542041725539,3.0661814156386575,0.024583995140651252,2,0.3882138844499104,false,false,false,false,false,false,false,false,false,false,false,-0.33057797330010485,-0.035603760549588116,delta_g_hat,false,false,E2,all
20222023,2022020269,2022-11-17,2022-11-17T15:00:01.000000+0000,STL,WSH,0.4314,0.4061,0.539,-0.1075,0.4061132555686573,-0.15439654913693893,-0.19723192655127697,-0.06264830666260668,1.0,0.0,-1.0,-1.2449449706085494,0.0,1.0,0.0,0.012099468511785807,0.1347055835266749,-0.23831230479673443,-0.2453390084871031,-0.046615329950973027,0.012717550265292843,-0.0007732230965789575,-0.004551536278673787,-0.006857792200946382,0.002462730463292881,false,2.1739986504323383,0.5319840063440525,0.08083183776676629,1.0476197294621366,2.919521846834463,0.008921423899834052,0,0.605406671918614,false,false,false,false,false,2.163872593294832,0.5360678979242581,0.08325473050164704,1.0573578883214598,2.9428334224250157,0.0012563853658459495,1,0.21276949574947235,false,false,false,false,false,false,false,false,false,false,false,-0.3801115203295623,0.15631752791234874,home_back_to_back,false,true,E2,all
20222023,2022020289,2022-11-20,2022-11-20T15:00:01.000000+0000,CBJ,FLA,0.242,0.2773,0.3247,-0.0827,0.27732259884020133,-0.6811450619170573,-0.8121313467820785,-0.5760649892932586,1.0,1.0,0.0,-1.5556683679134105,0.0,0.0,0.0,0.012099468511785807,0.13795814261440084,-1.0256534385017628,-0.2453390084871031,0.15435875844942817,0.002168710293341703,-0.0010802309020801675,-0.004551536278673787,0.006734431321373593,0.002462730463292881,false,2.0122905059511917,0.5684400113964244,0.09237253318641689,0.9940309487268064,2.6571471613668654,0.0014479950719585855,1,0.5704249359487917,false,false,false,false,false,2.484096356254812,0.6744225451968523,0.08835736724658914,0.989228063072954,3.211901122321913,0.02023147257863117,0,0.8554743395822669,false,false,false,false,false,false,false,false,false,false,false,-0.957894245667203,-0.732255357471996,delta_g_hat,false,false,E2,all
20222023,2022020311,2022-11-23,2022-11-23T15:00:01.000000+0000,DET,NSH,0.4082,0.3878,0.4911,-0.0828,0.387761594997616,-0.37078214208361104,-0.4824351241060998,-0.13135806244785853,0.0,0.0,2.0,-0.4945277359034692,0.0,1.0,0.0,0.012099468511785807,0.13482011821802403,-0.5617480126051496,0.02986376918110542,-0.046615329950973027,-0.018928969650560575,-0.000031779257990080195,-0.004551536278673787,-0.006857792200946382,0.002462730463292881,false,2.063216113917742,0.5712723146155855,0.08696645634202413,1.001051146717349,2.724315533244002,0.008255016289400036,0,0.6983607041740484,false,false,false,false,false,2.310336103387035,0.6005964264544829,0.09053458235192051,1.022462531464023,3.0688876616393133,0.010841051770872811,1,0.19706012895784916,false,false,false,false,false,false,false,false,false,false,false,-0.4565692837027608,-0.035603760549588116,delta_g_hat,false,false,E2,all
