season,game_id,game_date,home,away,p_b3,p_b1,gap,p_home,delta_g_hat,delta_low,delta_high,home_back_to_back,away_back_to_back,rest_diff,travel_diff,home_tz,away_tz,empty_seats,intercept,offset,term_delta_g_hat,term_home_back_to_back,term_away_back_to_back,term_rest_diff,term_travel_diff,term_home_tz,term_away_tz,term_empty_seats,out_of_range,home_xg_5v5,home_xg_pp,home_xg_sh,home_base,home_goals,home_jump,home_missed,home_starter_p,home_no_candidates,home_average_goalie,home_jump_flag,home_projection_miss,home_starter_surprise,away_xg_5v5,away_xg_pp,away_xg_sh,away_base,away_goals,away_jump,away_missed,away_starter_p,away_no_candidates,away_average_goalie,away_jump_flag,away_projection_miss,away_starter_surprise,no_candidates,average_goalie,jump,projection_miss,starter_surprise,flagged,logit_b3,logit_b1,driver,timid,other_favourite,review
20212022,2021020003,2021-10-13,TOR,MTL,0.6416742153836535,0.6338,0.1001,0.6416742153836535,0.32468554904402214,0.11643650145104001,0.37709413323522956,0.0,0.0,0.0,-0.5040660473764653,0.0,0.0,0.0,0.011888951187505787,0.13720069302174956,0.45414989589436616,0.02538197392269552,-0.04553095568521097,0.0026658857210262567,0.00008256657871235875,-0.008938178716622364,0.0039014566419324995,0.002503617037970341,false,2.328530877411748,0.6123171537475471,0.07202971817580103,1.032762352236396,3.1115867114040126,,7,0.6446621081125973,false,false,false,true,false,2.2695481765031715,0.49016201345744875,0.07579906544317375,1.0076457392832507,2.857188819905856,,7,0.0954742389673857,false,false,false,true,true,false,false,false,true,true,true,0.582638136734024,0.5485538150164101,delta_g_hat,false,false,all
20212022,2021020005,2021-10-13,COL,CHI,0.7264357240503687,0.6352,0.1957,0.7264357240503687,0.6099891567718926,0.3069514970040528,0.7248577018793965,0.0,0.0,0.0,-1.4752068328424155,0.0,1.0,0.0,0.011888951187505787,0.13720069302174956,0.8591411253821132,0.02538197392269552,-0.04553095568521097,0.0026658857210262567,0.0018114004454034987,-0.008938178716622364,-0.00404201817357409,0.002503617037970341,false,2.440223246030623,0.5940134525156752,0.07415276811831846,1.0400707306400179,3.2329449037076032,,9,0.0,false,false,false,true,true,2.058524586369945,0.5040397318507116,0.07798244167684752,1.048511364548462,2.7686432863741524,,11,0.0,false,false,false,true,true,false,false,false,true,true,true,0.976613398798757,0.5545906517327496,delta_g_hat,false,false,all
20212022,2021020007,2021-10-14,BUF,MTL,0.5475357943189999,0.4087,0.0864,0.5475357943189999,-0.06528700216742445,-0.1794468818485826,-0.005827896855851389,0.0,1.0,3.0,-0.09463941912415547,0.0,0.0,0.0,0.011888951187505787,0.14302575194576783,-0.09941991080867366,0.02538197392269552,0.14948643708564552,-0.03635704714641865,-0.0006462985162781085,-0.008938178716622364,0.0039014566419324995,0.002503617037970341,false,1.9702378101741678,0.619768939482127,0.07189578324006948,1.0138304411302053,2.6987178191719314,,7,0.0,false,false,false,true,true,2.1968490793000415,0.548230750138396,0.07517525651608116,0.9946165785553683,2.8050724642454594,0.008320401741520433,0,0.28690067035020056,false,false,false,false,false,false,false,false,true,true,true,0.19071918076148842,-0.3693421122565524,away_back_to_back,true,true,all
20212022,2021020009,2021-10-14,DET,TBL,0.27962901110196475,0.3258,-0.111,0.27962901110196475,-0.7440508063977123,-0.9244479535500396,-0.5996191445311809,0.0,0.0,2.0,-1.6019476816746991,0.0,0.0,0.0,0.011888951187505787,0.14302575194576783,-1.0629316932085822,0.02538197392269552,-0.04553095568521097,-0.02334940285727035,0.0020370256843324805,-0.008938178716622364,0.0039014566419324995,0.002503617037970341,false,1.8961364656994966,0.5693130897036298,0.07779106491639089,0.9985303508481181,2.5395029488988334,,9,0.0,false,false,false,true,true,2.256081109918005,0.6275201065155614,0.07510401118815774,1.0858762259595276,3.2127876662966024,0.002918627414712535,1,0.8911814974787967,false,false,false,false,false,false,false,false,true,true,true,-0.9463025773833602,-0.7272431066320157,delta_g_hat,false,false,all
20212022,2021020014,2021-10-14,NSH,SEA,0.46008294515321224,0.5597,-0.0904,0.46008294515321224,-0.1762896569546881,-0.24050982360021678,-0.010958192279806322,0.0,0.0,2.0,-2.5413414192850805,0.0,2.0,0.0,0.011888951187505787,0.14302575194576783,-0.25698925245393295,0.02538197392269552,-0.04553095568521097,-0.02334940285727035,0.0037093431608960672,-0.008938178716622364,-0.011985492989080679,0.002503617037970341,false,1.9635334967291254,0.6222824869302962,0.07699202979539152,1.0275854864634364,2.736262867864701,,7,0.1397562565154737,false,false,false,true,false,2.0507157966781078,0.6022799703721752,0.07252335759478273,1.0170094090761206,2.7718785943809436,0.03114028454447282,2,0.9501140512820888,false,false,false,false,false,false,false,false,true,false,true,-0.16000873684601852,0.2399446131356056,delta_g_hat,true,true,all
20212022,2021020017,2021-10-15,NJD,CHI,0.4641313624503421,0.5533,-0.0867,0.4641313624503421,-0.16694559041080437,-0.22825433479885948,0.11151697958904938,0.0,0.0,2.0,-2.606166589369721,0.0,2.0,0.0,0.011888951187505787,0.1459586798543807,-0.2437252596563644,0.02538197392269552,-0.04553095568521097,-0.02334940285727035,0.0038247455321419295,-0.008938178716622364,-0.011985492989080679,0.002503617037970341,false,2.4066353703241603,0.6669784477986613,0.07270371353570731,0.9970209679710923,3.1369445509586042,,11,0.0,false,false,false,true,true,2.2999490709420787,0.6069871004373857,0.0753310349753657,1.0613550639727976,3.1652444015847068,0.025483699456426617,2,0.24385091172819998,false,false,false,false,false,false,false,false,true,true,true,-0.14372143094786158,0.21401312154599117,delta_g_hat,true,true,all
20212022,2021020020,2021-10-16,BOS,DAL,0.6432919362556206,0.6083,0.1001,0.6432919362556206,0.34320252355767267,0.24350030835294634,0.42682928288940314,0.0,0.0,2.0,-0.3029078461792696,0.0,0.0,0.0,0.011888951187505787,0.14444541935252656,0.4804349202387816,0.02538197392269552,-0.04553095568521097,-0.02334940285727035,-0.0002755371236519938,-0.008938178716622364,0.0039014566419324995,0.002503617037970341,false,2.266485934967376,0.6809144779995241,0.0757033794752987,1.0579898820075666,3.1984132246625485,,8,0.5183275252918413,false,false,false,true,false,2.1098261128675255,0.6437845553088258,0.07545118509089378,1.009452136186011,2.8558025311829756,0.030532713930202352,1,0.7052717378499986,false,false,false,false,false,false,false,false,true,false,true,0.5896809447455582,0.44017194065487386,delta_g_hat,false,false,all
20212022,2021020023,2021-10-16,MTL,NYR,0.4362272313787839,0.5157,-0.0963,0.4362272313787839,-0.271642126187367,-0.35670918552400854,0.09160774110625658,0.0,0.0,0.0,-0.015161210373040036,0.0,0.0,0.0,0.011888951187505787,0.14444541935252656,-0.3923430043983141,0.02538197392269552,-0.04553095568521097,0.0026658857210262567,-0.0007877863633639975,-0.008938178716622364,0.0039014566419324995,0.002503617037970341,false,2.271686897265315,0.6152995072170536,0.07552452242492264,0.9913075265635743,2.9367593793700286,0.017714501679775452,0,0.6998095782037383,false,false,false,false,false,2.2062609765462815,0.6631079325907211,0.07534180431193427,1.0354872892743734,3.049210514366446,0.033000339116578,2,0.5531264411599839,false,false,false,false,false,false,false,false,false,false,false,-0.2564879973267562,0.06282065164772993,delta_g_hat,false,true,all
20212022,2021020036,2021-10-18,PHI,SEA,0.45646522170427406,0.5914,-0.0918,0.45646522170427406,-0.20880576284001515,-0.23180658085547456,-0.15064704879782687,0.0,0.0,1.0,-0.6677777891820257,0.0,0.0,0.0,0.011888951187505787,0.1492675815790614,-0.3031461791241804,0.02538197392269552,-0.04553095568521097,-0.010341758568122045,0.00037400774547650755,-0.008938178716622364,0.0039014566419324995,0.002503617037970341,false,1.9157401404636543,0.5893545800048092,0.0759302133843679,1.04760382712064,2.7038915985980227,0.04347303569262313,0,0.7877497227723353,false,false,false,false,false,1.9968729752740744,0.5870864090694562,0.07187942376047292,1.0149116484979632,2.6954417428777,0.00727666483645098,1,0.9383838933381592,false,false,false,false,false,false,false,false,false,false,false,-0.17458118154232768,0.3697559250348553,delta_g_hat,true,true,all
20212022,2021020041,2021-10-19,DET,CBJ,0.4375441802159737,0.5274,-0.1018,0.4375441802159737,-0.26979449007043654,-0.5543565183368626,-0.0781820366167425,0.0,0.0,0.0,-0.2637672089394157,0.0,0.0,0.0,0.011888951187505787,0.14644637912424757,-0.3897202670673675,0.02538197392269552,-0.04553095568521097,0.0026658857210262567,-0.00034521565042879384,-0.008938178716622364,0.0039014566419324995,0.002503617037970341,false,2.0482430163255083,0.5029901648380883,0.07215272411757997,0.9928032582165515,2.60450607432253,0.012990790171727051,1,0.5920439379489534,false,false,false,false,false,2.16397640853016,0.5663545762749884,0.06982783552599378,1.0400772104976788,2.9123813748004848,0.0047569647532433035,1,0.09875671152106615,false,false,false,false,true,false,false,false,false,true,true,-0.2511349043377771,0.1097099091663787,delta_g_hat,false,true,all
20212022,2021020062,2021-10-22,BUF,BOS,0.3137728746833901,0.366,-0.1089,0.3137728746833901,-0.6335845934049942,-0.7388852453034267,-0.41912963792032487,0.0,0.0,1.0,-0.45251491089446727,0.0,0.0,0.0,0.011888951187505787,0.1432010889183151,-0.9061238358770045,0.02538197392269552,-0.04553095568521097,-0.010341758568122045,-9.20523434534768e-6,-0.008938178716622364,0.0039014566419324995,0.002503617037970341,false,1.9148750791288214,0.5120407553874188,0.07616806870851467,1.0033739233830803,2.5115291165356566,0.015201814951922632,1,0.5708532416309642,false,false,false,false,false,2.2478857581504057,0.5383338030599529,0.07889944427495642,1.0517367435478697,3.013350932706236,0.020586026722319545,2,0.11390989484665921,false,false,false,false,false,false,false,false,false,false,false,-0.7825392642504169,-0.5494156210358597,delta_g_hat,false,false,all
20212022,2021020067,2021-10-23,OTT,NYR,0.3742978680162705,0.4347,-0.0978,0.3742978680162705,-0.4464462192020255,-0.5503993757799721,-0.07771380461728672,0.0,0.0,0.0,-1.3644538532231931,0.0,1.0,0.0,0.011888951187505787,0.14044141601856333,-0.6404791044402813,0.02538197392269552,-0.04553095568521097,0.0026658857210262567,0.0016142369600795898,-0.008938178716622364,-0.00404201817357409,0.002503617037970341,false,2.027184342106545,0.5396112255099752,0.07356737386606257,0.9777948741271674,2.581733350016999,0.03332571679469143,2,0.32551984101449405,false,false,false,false,false,2.1159378476652386,0.5338030620307179,0.07808768802456605,1.0486816759280793,2.8606238655021,0.004930888721168786,0,0.2758793277668232,false,false,false,false,false,false,false,false,false,false,false,-0.5138225113844116,-0.2627004256864989,delta_g_hat,false,false,all
20212022,2021020080,2021-10-24,CHI,DET,0.6488555410896083,0.5791,0.089,0.6488555410896083,0.23267569044944678,0.056092891581615234,0.5792425131998131,0.0,1.0,2.0,-1.2012989648653971,0.0,1.0,0.0,0.011888951187505787,0.13815219217778402,0.323541012067165,0.02538197392269552,0.14948643708564552,-0.02334940285727035,0.0013237871090069314,-0.008938178716622364,-0.00404201817357409,0.002503617037970341,false,2.149242390166647,0.5468415523477818,0.07244143248917535,1.057611546114105,2.928024402313694,0.04259874704398439,4,0.5690618517719512,false,false,false,true,false,2.1447964582559167,0.49032390172674417,0.07614660503365106,0.971916956283198,2.635126336309838,0.015272538862323243,1,0.7481582721358565,false,false,false,false,false,false,false,false,true,false,true,0.6140124023650398,0.31907989845521906,delta_g_hat,false,false,all
20212022,2021020148,2021-11-04,BOS,DET,0.7258037927734987,0.6948,0.0895,0.7258037927734987,0.61534103573391,0.47365046293893664,0.7510243806004859,0.0,0.0,2.0,-0.40172211340737357,0.0,0.0,0.0,0.011888951187505787,0.145333329446968,0.8667381693107143,0.02538197392269552,-0.04553095568521097,-0.02334940285727035,-0.00009962704526490467,-0.008938178716622364,0.0039014566419324995,0.002503617037970341,false,2.357534727814095,0.5779833170142965,0.07811241809015954,1.0482203859143318,3.1589488868436697,0.036173691145813563,0,0.4857775955935119,false,false,false,false,false,1.8982279080113253,0.5155957628760631,0.07760503042718024,0.9765590700118398,2.433027295556561,0.0315313899565956,2,0.518105817203707,false,false,false,false,false,false,false,false,false,false,false,0.973435785520852,0.8226567349566478,delta_g_hat,false,false,all
20212022,2021020172,2021-11-06,ARI,SEA,0.32118826808618856,0.3931,-0.0863,0.32118826808618856,-0.4672106594446843,-0.6207248357469837,-0.28899247288366015,1.0,0.0,-1.0,-1.2595788078615946,0.0,0.0,0.0,0.011888951187505787,0.1487411821584053,-0.6699544281155444,-0.20940128486223802,-0.04553095568521097,0.015673530010174557,0.0014275374280391263,-0.008938178716622364,0.0039014566419324995,0.002503617037970341,false,1.8367472155273155,0.5004556916473478,0.07999000074432665,0.9904562152388925,2.3941237390797356,0.010228945001863166,2,0.45925125193295097,false,false,false,false,false,2.1076767604131503,0.5345072757913595,0.07519454067414216,1.012951342968871,2.7525722788040703,0.00781670179715438,1,0.9055238170327465,false,false,false,false,false,false,false,false,false,false,false,-0.7483163603805009,-0.43430000041399486,delta_g_hat,false,false,all
20212022,2021020211,2021-11-13,BUF,TOR,0.3136267614831636,0.3586,-0.0866,0.3136267614831636,-0.6183585383418292,-0.7511870960464506,-0.4168323091151227,1.0,1.0,0.0,-0.09463941912415547,0.0,0.0,0.0,0.011888951187505787,0.14803292731377837,-0.8845103035091946,-0.20940128486223802,0.14948643708564552,0.0026658857210262567,-0.0006462985162781085,-0.008938178716622364,0.0039014566419324995,0.002503617037970341,false,2.0645874441296144,0.4843609659021848,0.07623779495343735,0.9945848401404683,2.6109704020242037,0.006003595052494204,0,0.46157387844127884,false,false,false,false,false,2.397458428138932,0.5779467757455403,0.07704862326057371,1.0150317816770877,3.0983376466540813,0.016774738542777112,2,0.3831159466354592,false,false,false,false,false,false,false,false,false,false,false,-0.7832179380414803,-0.5814457260880221,delta_g_hat,false,false,all
20212022,2021020216,2021-11-13,CAR,STL,0.4279793395686653,0.5597,-0.0955,0.4279793395686653,-0.13792427971040724,-0.26160157360877134,0.09906081548898493,1.0,0.0,-1.0,-1.0631373582008192,0.0,1.0,0.0,0.011888951187505787,0.14803292731377837,-0.20252922853883853,-0.20940128486223802,-0.04553095568521097,0.015673530010174557,0.0010778305306684167,-0.008938178716622364,-0.00404201817357409,0.002503617037970341,false,2.2297697774731886,0.5438638380720224,0.08090495329461149,0.9563335153396281,2.7298909042111386,0.011596901284290959,0,0.34712323670745127,false,false,false,false,false,2.025036661024063,0.5398500738471667,0.07546997451141846,1.0638420884810893,2.808922596044693,0.0034394623924328682,0,0.14974566082074753,false,false,false,false,false,false,false,false,false,false,false,-0.2901001879818643,0.2399446131356056,home_back_to_back,false,true,all
20212022,2021020276,2021-11-21,NYI,TOR,0.400205640561212,0.5157,-0.1018,0.400205640561212,-0.3558267927744898,-0.48491371199956435,-0.28458376199592506,1.0,1.0,0.0,-0.5683454616151403,0.0,0.0,0.0,0.011888951187505787,0.15402107070589666,-0.5118439525169046,-0.20940128486223802,0.14948643708564552,0.0026658857210262567,0.0001969973903207611,-0.008938178716622364,0.0039014566419324995,0.002503617037970341,false,1.9943938767865912,0.5045981714353043,0.07782144573816789,1.0067891936387168,2.594307979741416,0.016960933753999555,1,0.9422073941276862,false,false,false,false,false,2.2746617198150667,0.6056181782093293,0.07796166054449825,1.0107315369574577,2.9899880371837635,0.015853115775752463,0,0.4643578209283504,false,false,false,false,false,false,false,false,false,false,false,-0.40460834579448623,0.06282065164772993,delta_g_hat,false,true,all
20212022,2021020306,2021-11-26,TBL,SEA,0.5171229189354424,0.6476,-0.0859,0.5171229189354424,-0.031056745781004032,-0.14506357685566273,0.10001667342427112,0.0,0.0,1.0,-4.068424227653083,0.0,3.0,0.0,0.011888951187505787,0.15793344575381846,-0.050829730929700535,0.02538197392269552,-0.04553095568521097,-0.010341758568122045,0.006427870192053266,-0.008938178716622364,-0.01992896780458727,0.002503617037970341,false,2.0417865176050207,0.5188758149556336,0.08147445084973742,1.0430555810101307,2.7558955177283644,0.004986630443615012,0,0.8036238370936619,false,false,false,false,false,2.040739139248703,0.5325625753871314,0.07783646589055697,1.0347751616118979,2.743331939209669,0.021068396340240915,2,0.7879573096026349,false,false,false,false,false,false,false,false,false,false,false,0.06851846976174557,0.6085063277414554,delta_g_hat,true,false,all
20212022,2021020318,2021-11-27,FLA,SEA,0.49002739887220337,0.6476,-0.1026,0.49002739887220337,-0.10180107739981761,-0.18208930229145048,0.01499193675387378,1.0,1.0,0.0,1.1604512843249877,0.0,0.0,0.0,0.011888951187505787,0.16211647598710657,-0.15125199361948777,-0.20940128486223802,0.14948643708564552,0.0026658857210262567,-0.0028806226702688207,-0.008938178716622364,0.0039014566419324995,0.002503617037970341,false,2.066513564352716,0.5507474111872304,0.0838758004208823,1.009556212871582,2.7269494139871693,0.006011592727660414,0,0.745653330428316,false,false,false,false,false,2.0521077238770067,0.5624049915381707,0.07772064279109876,1.0260246351944924,2.7622977492120375,0.0070039249369671305,2,0.5569037379688914,false,false,false,false,false,false,false,false,false,false,false,-0.03989569538924581,0.6085063277414554,home_back_to_back,true,true,all
20212022,2021020348,2021-12-01,DET,SEA,0.3492729262750844,0.5386,-0.1486,0.3492729262750844,-0.38325991819459665,-0.44875628049391114,-0.2621493406927593,1.0,0.0,-1.0,0.6376160636242637,0.0,0.0,0.0,0.011888951187505787,0.15881304171882757,-0.5507855392744677,-0.20940128486223802,-0.04553095568521097,0.015673530010174557,-0.001949866543274667,-0.008938178716622364,0.0039014566419324995,0.002503617037970341,false,1.994160883078832,0.46922017837771623,0.07812253508712096,0.9766770960697544,2.4822283523231077,0.006587471184137633,1,0.7110837036146525,false,false,false,false,false,2.199482379330942,0.5306727216377968,0.07339032207960203,1.0190375155764042,2.85691796270878,0.010498649737493673,3,0.7371260854147929,false,false,false,false,false,false,false,false,false,false,false,-0.6222366724201988,0.15470783463784515,delta_g_hat,false,true,all
20212022,2021020484,2021-12-19,WSH,LAK,0.6798223876751497,0.5696,0.1257,0.6798223876751497,0.2844351302108253,0.24927478313576001,0.3237154051769937,0.0,1.0,1.0,1.6263403300233517,1.0,0.0,0.0,0.011888951187505787,0.15388368011264988,0.39701403721920525,0.02538197392269552,0.14948643708564552,-0.010341758568122045,-0.0037100026864086005,0.023385530943394652,0.0039014566419324995,0.002503617037970341,false,2.153036289190431,0.5265274733753368,0.07747109081558681,1.0620795262547866,2.928190270947204,0.02806203147468013,4,0.3378507407183673,false,false,false,true,false,2.0920132948370838,0.5025191070705428,0.07679450947475408,0.9732056124809032,2.599750342928609,0.005155906229359158,1,0.0,false,false,false,false,true,false,false,false,true,true,true,0.7529556891255094,0.2802193512501914,delta_g_hat,false,false,all
20212022,2021020560,2021-12-31,DET,WSH,0.3674968246374952,0.4348,-0.1144,0.3674968246374952,-0.4670385423538357,-0.6455193358632267,-0.19916052194013245,0.0,0.0,2.0,-0.6368725107512143,0.0,0.0,0.0,0.011888951187505787,0.1561091635674445,-0.669710106241055,0.02538197392269552,-0.04553095568521097,-0.02334940285727035,0.00031898988111498733,-0.008938178716622364,0.0039014566419324995,0.002503617037970341,false,2.0789783515530984,0.48928557599604827,0.07815471852776057,0.9877528179337998,2.614007475095016,0.01919563049150566,4,0.57771618892075,false,false,false,true,false,2.249146595415282,0.5500893270488325,0.07804060223436032,1.0596294095446868,3.048846824963033,0.01622424076828479,2,0.8289459326236958,false,false,false,false,false,false,false,false,true,false,true,-0.5429705627516768,-0.2622934955633178,delta_g_hat,false,false,all
20212022,2021020568,2022-01-01,FLA,MTL,0.7351862345200868,0.756,0.0959,0.7351862345200868,0.6214699072505924,0.36757026378211455,0.6998129843325742,0.0,0.0,0.0,-1.083262846011194,0.0,0.0,0.0,0.011888951187505787,0.15580960852821454,0.8754381616826342,0.02538197392269552,-0.04553095568521097,0.0026658857210262567,0.0011136581114177533,-0.008938178716622364,0.0039014566419324995,0.002503617037970341,false,2.2045456840322135,0.5995260948083366,0.07848608732609992,1.0144099318614515,2.9240953286048024,0.0002146622960258332,2,0.7397324502452828,false,false,false,false,false,1.9362134224071823,0.4684078108649781,0.08261593601044918,0.9813781500078949,2.4409202118214406,0.010335123138132812,2,0.6042789554138394,false,false,false,false,false,false,false,false,false,false,false,1.021097040264439,1.1308731508863312,delta_g_hat,true,false,all
20212022,2021020585,2022-01-03,NYR,EDM,0.4210256821616314,0.5274,-0.0897,0.4210256821616314,-0.16908661890309915,-0.48262439751741226,0.009771906712193967,1.0,0.0,-1.0,-0.022954226841429753,0.0,0.0,0.0,0.011888951187505787,0.15756014399940207,-0.24676447030066095,-0.20940128486223802,-0.04553095568521097,0.015673530010174557,-0.0007739131629013378,-0.008938178716622364,0.0039014566419324995,0.002503617037970341,false,2.214027276429183,0.5656994118790277,0.08226090221881938,1.0077144989065479,2.8840663906647044,0.037770370131520764,2,0.7650076790154531,false,false,false,false,false,2.3123246766953,0.6499797096171621,0.07428524696296915,1.0327600431330786,3.1360684406389936,0.012944850885729442,0,0.8052561605275602,false,false,false,false,false,false,false,false,false,false,false,-0.318564285943234,0.1097099091663787,delta_g_hat,false,true,all
20212022,2021020644,2022-01-11,ANA,PIT,0.3841775666589333,0.4455,-0.0917,0.3841775666589333,-0.43714542129644757,-0.5019908725231836,-0.1443278378845556,0.0,0.0,-1.0,-1.9577340984188079,0.0,2.0,0.0,0.011888951187505787,0.16312338817617444,-0.6272765318931095,0.02538197392269552,-0.04553095568521097,0.015673530010174557,0.0026703999754562765,-0.008938178716622364,-0.011985492989080679,0.002503617037970341,false,1.9139835095546556,0.47069653528102356,0.07745744574093205,0.9940929143779509,2.447593433606518,0.007123463603554286,2,0.6082020041028838,false,false,false,false,false,2.169363528436857,0.5661077342887446,0.07209857620978996,1.0319206618638677,2.897189326423242,0.01973421669240258,3,0.6510218520296418,false,false,false,false,false,false,false,false,false,false,false,-0.47185380553411144,-0.21886955987955767,delta_g_hat,false,false,all
20212022,2021021000,2022-01-12,BOS,MTL,0.7444347519699959,0.7404,0.1178,0.7444347519699959,0.6327040686970626,0.5105383574896543,0.7617284650368026,0.0,0.0,-2.0,-1.3567293464540962,0.0,0.0,0.0,0.011888951187505787,0.16165631271716752,0.8913851624678801,0.02538197392269552,-0.04553095568521097,0.02868117429932286,0.0016004857212213717,-0.008938178716622364,0.0039014566419324995,0.002503617037970341,false,2.2475471555460786,0.5763085646829261,0.08000728169758141,1.0415366455498833,3.0244797301630313,0.02269851312209803,2,0.6060143396078582,false,false,false,false,false,1.900869439370927,0.4808964738858631,0.08150589585982856,0.9946948211196324,2.450203711538288,0.03184014579610339,9,0.13523429468556308,false,false,false,true,false,false,false,false,true,false,true,1.0691474572805464,1.0480485958694072,delta_g_hat,false,false,all
20212022,2021020650,2022-01-13,BOS,PHI,0.7084088425984826,0.6948,0.0877,0.7084088425984826,0.6588945652613546,0.5227318678858501,0.7320009828457446,1.0,0.0,-3.0,-0.43991771011709485,0.0,0.0,0.0,0.011888951187505787,0.16423061965947322,0.9285628255508662,-0.20940128486223802,-0.04553095568521097,0.04168881858847116,-0.00003163088843728261,-0.008938178716622364,0.0039014566419324995,0.002503617037970341,false,2.3441099016662466,0.5852990554157266,0.07788568797912221,1.0376303322623541,3.120460141765543,0.046858204787911806,2,0.3969734222874074,false,false,false,false,false,1.8834606863513577,0.5094774546001376,0.08101004059785759,1.0161393074516996,2.513875991870951,0.019440273588434143,4,0.5503269231071782,false,false,false,true,false,false,false,false,true,false,true,0.8876687130614929,0.8226567349566478,delta_g_hat,false,false,all
20212022,2021020655,2022-01-13,CHI,MTL,0.6720745468467461,0.6265,0.1,0.6720745468467461,0.25505898435944896,0.02734508807059166,0.3051068061886699,0.0,1.0,1.0,-0.9229508375733537,1.0,1.0,0.0,0.011888951187505787,0.16423061965947322,0.3553143141743148,0.02538197392269552,0.14948643708564552,-0.010341758568122045,0.0008282691816431307,0.023385530943394652,-0.00404201817357409,0.002503617037970341,false,2.0254424319564466,0.5497785331833579,0.07541520415177677,1.0424377686118205,2.7631232537180996,0.005419886834100079,4,0.7629046218144414,false,false,false,true,false,2.0845893271378793,0.4856819628517765,0.08036486413612387,1.0033974377024286,2.659641525331227,0.019861463235768123,4,0.576577749738796,false,false,false,true,false,false,false,false,true,false,true,0.7175829615971865,0.5172307697632508,delta_g_hat,false,false,all
20212022,2021020673,2022-01-15,CHI,ANA,0.636663554073037,0.5386,0.0971,0.636663554073037,0.16102780787425972,-0.09546080113480926,0.2240261313444214,0.0,1.0,1.0,-0.5549875109114456,0.0,0.0,0.0,0.011888951187505787,0.16687691746593206,0.22183615005926627,0.02538197392269552,0.14948643708564552,-0.010341758568122045,0.00017321744212812296,-0.008938178716622364,0.0039014566419324995,0.002503617037970341,false,2.001932938881462,0.5483259059252658,0.07114781841272785,1.0439031471278488,2.736494665636702,0.005658229091703104,0,0.7664568951492384,false,false,false,false,false,2.0720421980568293,0.4783789048674619,0.08029609848006436,0.9876098825244756,2.598122306234073,0.018971785742134845,2,0.6472889724438663,false,false,false,false,false,false,false,false,false,false,false,0.5609120901802543,0.15470783463784515,delta_g_hat,false,false,all
20212022,2021020679,2022-01-15,SEA,LAK,0.6050988577822772,0.4566,0.0922,0.6050988577822772,0.15036424348973157,0.11472774086257065,0.4144117893600101,0.0,0.0,0.0,1.2222110755228013,2.0,0.0,0.0,0.011888951187505787,0.16687691746593206,0.2066991173199851,0.02538197392269552,-0.04553095568521097,0.0026658857210262567,-0.0029905680254845675,0.05570924060341167,0.0039014566419324995,0.002503617037970341,false,2.059981357314865,0.5451262999093157,0.07668523534754992,1.0259316857035115,2.7513363029838116,0.013133337558815565,1,0.2695103957086121,false,false,false,false,false,2.0408832585412378,0.5368552103018265,0.07922848236116284,0.9635164947693503,2.560031483542304,0.0059164480734880814,1,0.280364881266453,false,false,false,false,false,false,false,false,false,false,false,0.4267563852642075,-0.17403796289655224,delta_g_hat,false,true,all
20212022,2021020727,2022-01-22,NSH,DET,0.7306658170710646,0.6408,0.0858,0.7306658170710646,0.49451275735386463,0.08270767761541231,0.7601288110395554,0.0,1.0,1.0,-0.758294944842885,0.0,1.0,0.0,0.011888951187505787,0.15947778920243533,0.6952212599812778,0.02538197392269552,0.14948643708564552,-0.010341758568122045,0.0005351472286133055,-0.008938178716622364,-0.00404201817357409,0.002503617037970341,false,2.272554803421809,0.5727742894320181,0.08128527842233176,1.0277344708700766,3.007782472304265,0.0009194785381816256,1,0.8449210550663517,false,false,false,false,false,2.0631878479652093,0.544292704316137,0.07875945885222653,0.9815934469882741,2.6367955919664237,0.001897933764471893,0,0.49470877742445674,false,false,false,false,false,false,false,false,false,false,false,0.9980032723442898,0.5788380593261051,delta_g_hat,false,false,all
20212022,2021020757,2022-01-27,MTL,ANA,0.5568922315524414,0.4246,0.0847,0.5568922315524414,-0.05737848081672453,-0.18642505990516023,0.04606156244842641,0.0,1.0,2.0,1.023181607601419,1.0,0.0,1.0,0.011888951187505787,0.1622742447025716,-0.08819368829169431,0.02538197392269552,0.14948643708564552,-0.02334940285727035,-0.002636253913914317,0.023385530943394652,0.0039014566419324995,-0.03304470425071426,false,2.0042139526887315,0.5061546120864743,0.07771360593613107,1.0120599010416205,2.619294185577698,0.0061211599056171795,1,0.6065012072917026,false,false,false,false,false,1.998341146057394,0.5172309999746837,0.07752538366043497,0.9856450454936342,2.555873732623207,0.00338586104655092,2,0.660730831464449,false,false,false,false,false,false,false,false,false,false,false,0.2285587309571954,-0.3039179018482918,away_back_to_back,true,true,all
20212022,2021020487,2022-02-08,VAN,ARI,0.6614283590017284,0.2511,0.24,0.6614283590017284,0.348949221539988,0.1659546896259374,0.40866787583850295,0.0,0.0,0.0,1.2990874744384058,2.0,1.0,0.5,0.011888951187505787,0.1540458488204208,0.4885924135838097,0.02538197392269552,-0.04553095568521097,0.0026658857210262567,-0.0031274241064808846,0.05570924060341167,-0.00404201817357409,-0.015270543606371962,false,2.213883489461418,0.5923214399876029,0.07902788694699509,1.010593049180422,2.9157962295170665,0.01228594862236955,2,0.6896993133362058,false,false,false,false,false,2.062424929818296,0.5523602153982516,0.08262979689638615,0.9994384843771797,2.6959003014817084,0.02233658883987308,2,0.6405298595940135,false,false,false,false,false,false,false,false,false,false,false,0.6696659643664991,-1.0927541970917822,delta_g_hat,true,true,all
20212022,2021020699,2022-02-09,EDM,CHI,0.5154663245002934,0.6476,-0.0857,0.5154663245002934,0.10030302232187661,0.06765411467046922,0.2778229423399745,1.0,0.0,-3.0,-2.3067499144516916,0.0,1.0,0.5,0.011888951187505787,0.15271151458744545,0.13563672987984524,-0.20940128486223802,-0.04553095568521097,0.04168881858847116,0.0032917211801660445,-0.008938178716622364,-0.00404201817357409,-0.015270543606371962,false,2.3059431668674923,0.6143374166552159,0.07902016386627685,1.0175184558045096,3.051843864976552,0.006129978407257819,0,0.14657476318946988,false,false,false,false,false,2.14269083602328,0.553544000404142,0.07795623331873769,1.0406676279424225,2.8870108400117873,0.017263131028368295,3,0.8240856099742867,false,false,false,false,false,false,false,false,false,false,false,0.061885040835804775,0.6085063277414554,home_back_to_back,true,false,all
20212022,2021020543,2022-02-12,OTT,BOS,0.33687449494269595,0.4147,-0.0879,0.33687449494269595,-0.5468314769525225,-0.6308275910534142,-0.5027273115504345,0.0,0.0,0.0,-0.5082358357208107,0.0,0.0,0.973,0.011888951187505787,0.14729112557858096,-0.7829769483427534,0.02538197392269552,-0.04553095568521097,0.0026658857210262567,0.00008998967473975854,-0.008938178716622364,0.0039014566419324995,-0.03208489957591978,false,1.9631191600126956,0.5520932766411468,0.082402477802131,0.9496165535621475,2.466738122547314,0.001134083951976339,0,0.5199332752739826,false,false,false,false,false,2.299629347816901,0.5926302772880101,0.08385866280445788,1.0090674952566197,3.003104226368126,0.05062282637935642,1,0.315554238495749,false,false,false,false,false,false,false,false,false,false,false,-0.6772538285804076,-0.3445691690448394,delta_g_hat,false,false,all
20212022,2021020621,2022-02-17,WPG,SEA,0.4670115493009015,0.6189,-0.1059,0.4670115493009015,-0.02601520626147341,-0.1604082343250548,0.13905816062231446,1.0,0.0,-2.0,-1.8562223885595293,0.0,2.0,0.0,0.011888951187505787,0.1412285095358153,-0.043673216840074046,-0.20940128486223802,-0.04553095568521097,0.02868117429932286,0.0024896878845865242,-0.008938178716622364,-0.011985492989080679,0.002503617037970341,false,2.0432158558954283,0.5449561651825771,0.0805707863307531,0.9995820486657319,2.6676274027915836,0.0004375528054993,1,0.4616856491804908,false,false,false,false,false,2.0898841391959713,0.5356408141313787,0.07469483817378111,1.0103597024955753,2.728193265213747,0.000481906467471295,2,0.7520274949986459,false,false,false,false,false,false,false,false,false,false,false,-0.1321457672489447,0.4848819008655013,home_back_to_back,true,true,all
20212022,2021020518,2022-02-19,CGY,SEA,0.6014177278133551,0.7184,-0.0904,0.6014177278133551,0.22906777244109577,0.13264774690741454,0.31376495779822866,0.0,0.0,1.0,-1.2008531157407127,0.0,1.0,0.5,0.011888951187505787,0.1387050853121776,0.3184195375729246,0.02538197392269552,-0.04553095568521097,-0.010341758568122045,0.0013229934042447333,-0.008938178716622364,-0.00404201817357409,-0.015270543606371962,false,2.163885572137166,0.5722617919836215,0.08038190845258354,0.9964849283074825,2.8066289702562015,0.00033126648283643423,0,0.8232138143174759,false,false,false,false,false,1.9434104002310517,0.53274232787845,0.07762517926975585,1.0135960370174129,2.588499166342237,0.006430855089431746,2,0.7922613089885564,false,false,false,false,false,false,false,false,false,false,false,0.41137581610149043,0.9365388927041027,delta_g_hat,true,false,all
20212022,2021020846,2022-02-27,SJS,SEA,0.4322277315834382,0.5274,-0.0862,0.4322277315834382,-0.13107835872199336,-0.1750322065005645,-0.11204853305175533,1.0,0.0,-2.0,-1.1447060829626285,0.0,0.0,0.0,0.011888951187505787,0.13561699760443516,-0.1928113775093548,-0.20940128486223802,-0.04553095568521097,0.02868117429932286,0.0012230399338172752,-0.008938178716622364,0.0039014566419324995,0.002503617037970341,false,1.9617999828148227,0.4853000571046995,0.07837544686872065,0.9883566200417457,2.49607041612031,0.0006356846336985911,2,0.45712860630163005,false,false,false,false,false,2.014729117807718,0.5146055812882172,0.07280603024743158,1.0058546922630895,2.617375462538923,0.0034969316558636776,0,0.7113725038152536,false,false,false,false,false,false,false,false,false,false,false,-0.27276779664942574,0.1097099091663787,home_back_to_back,false,true,all
20212022,2021020885,2022-03-05,CBJ,BOS,0.2776361144179545,0.3515,-0.0851,0.2776361144179545,-0.5933233003056613,-0.7482234213217449,-0.3904080730575674,1.0,0.0,-1.0,-2.834591757528682,0.0,3.0,0.0,0.011888951187505787,0.13666657673246543,-0.848972541075931,-0.20940128486223802,-0.04553095568521097,0.015673530010174557,0.004231390142921359,-0.008938178716622364,-0.01992896780458727,0.002503617037970341,false,1.9047656257525747,0.5370515197572925,0.07930836495491787,1.0356522912853874,2.6110094115308966,0.003806297077617038,0,0.2635333333594471,false,false,false,false,false,2.345171158158945,0.5589090171196794,0.0810397516683483,1.0342957704665408,3.0874969147766427,0.00573891925851569,1,0.5942662039778371,false,false,false,false,false,false,false,false,false,false,false,-0.956217693243655,-0.6124522925057792,delta_g_hat,false,false,all
20212022,2021020951,2022-03-13,LAK,FLA,0.2932258529557611,0.3765,-0.0863,0.2932258529557611,-0.550731649641197,-0.5883135163638871,-0.2997628634435885,1.0,0.0,-2.0,-3.2399119480781,0.0,3.0,0.0,0.011888951187505787,0.14197751406213188,-0.7885132811812341,-0.20940128486223802,-0.04553095568521097,0.02868117429932286,0.004952944919286076,-0.008938178716622364,-0.01992896780458727,0.002503617037970341,false,2.0516370271563016,0.5385915085683908,0.08416849711919994,0.9594897754984406,2.566056608637082,0.0018637294667077087,4,0.8491753496961928,false,false,false,true,false,2.304682283376314,0.6256818371184337,0.08178723177454142,1.0287450843371424,3.0987358969265077,0.014674274683429078,0,0.020774368493749435,false,false,false,false,true,false,false,false,true,true,true,-0.8797680210252482,-0.5044307178801427,delta_g_hat,false,false,all
20212022,2021021017,2022-03-22,ARI,SEA,0.4031200292099839,0.5157,-0.1034,0.4031200292099839,-0.3743896023866792,-0.41114127884561835,-0.3612982686256099,0.0,0.0,-1.0,-0.8104840924268634,0.0,0.0,0.0,0.011888951187505787,0.14012543437706546,-0.5381940402268299,0.02538197392269552,-0.04553095568521097,0.015673530010174557,0.0006280548349740389,-0.008938178716622364,0.0039014566419324995,0.002503617037970341,false,1.9243291132749,0.5152276607405134,0.08040989346472395,1.0025527587794727,2.526399534514526,0.007714415328968882,1,0.49633783251512076,false,false,false,false,false,2.2413229601157787,0.5445585430457632,0.07713603101343122,1.0058660299204554,2.879812080693232,0.0691514809244232,4,0.7575730687470849,false,false,false,true,false,false,false,false,true,false,true,-0.39248168239336123,0.06282065164772993,delta_g_hat,false,true,all
20212022,2021021044,2022-03-26,LAK,SEA,0.4955038740721563,0.6774,-0.1142,0.4955038740721563,-0.12254487470680725,-0.1701282077701376,-0.09473052704134455,0.0,0.0,-2.0,-0.5578727539001308,0.0,0.0,0.0,0.011888951187505787,0.14463952434185134,-0.18069801444799222,0.02538197392269552,-0.04553095568521097,0.02868117429932286,0.000178353778555471,-0.008938178716622364,0.0039014566419324995,0.002503617037970341,false,2.04868674736942,0.5133156840385796,0.08242511691103281,0.9609277450860482,2.5411038010496343,0.013991542038922646,1,0.479900638528006,false,false,false,false,false,2.095764593123798,0.5424833857677952,0.07963572624363746,1.0023104727627712,2.7241633014083253,0.010275497132205809,2,0.749941586580184,false,false,false,false,false,false,false,false,false,false,false,-0.017984988480775378,0.7418487746925629,delta_g_hat,true,true,all
20212022,2021021045,2022-03-26,SJS,ANA,0.5285394924907912,0.7279,-0.0901,0.5285394924907912,-0.04042918395547417,-0.1941261321277894,0.061713364617978606,0.0,0.0,-1.0,1.3804690758290548,1.0,0.0,0.0,0.011888951187505787,0.14463952434185134,-0.06413399753118369,0.02538197392269552,-0.04553095568521097,0.015673530010174557,-0.0032723003908624614,0.023385530943394652,0.0039014566419324995,0.002503617037970341,false,2.031938556912624,0.5295820745787239,0.07509684721995066,0.9780344962396905,2.5787028475681675,0.012858316156877991,1,0.7183300389413606,false,false,false,false,false,1.9989718287574698,0.4723192328446254,0.07836773233143696,0.9919044833175571,2.529017988632706,0.004617571236660123,3,0.13624348886698512,false,false,false,false,false,false,false,false,false,false,false,0.11428218883350452,0.9839940303350116,delta_g_hat,true,false,all
20212022,2021021058,2022-03-28,LAK,SEA,0.49340814441421377,0.6844,-0.1195,0.49340814441421377,-0.11400446281065428,-0.16299394477792273,-0.08219611379404013,0.0,0.0,0.0,0.0,0.0,0.0,0.0,0.011888951187505787,0.1511372558851732,-0.16857481719261844,0.02538197392269552,-0.04553095568521097,0.0026658857210262567,-0.0008147764912066506,-0.008938178716622364,0.0039014566419324995,0.002503617037970341,false,2.07063136013317,0.5155744702749047,0.07968731785644914,0.9597969533350956,2.558716121621196,0.017563144991860992,1,0.4359907845006915,false,false,false,false,false,2.0991381867844243,0.5277600431153154,0.07916126422935937,1.0105256592138498,2.7345425541767048,0.03613416409498475,0,0.24616052284186365,false,false,false,false,false,false,false,false,false,false,false,-0.026368950145147486,0.7740669530463193,delta_g_hat,true,true,all
20212022,2021021149,2022-04-09,DAL,NJD,0.5668881144233237,0.7046,-0.0813,0.5668881144233237,0.112235294012239,-0.052514055014176275,0.20021358322848304,0.0,0.0,0.0,-2.1933328660354983,0.0,1.0,0.0,0.011888951187505787,0.13009963150963966,0.15257470490563257,0.02538197392269552,-0.04553095568521097,0.0026658857210262567,0.0030898150947698,-0.008938178716622364,-0.00404201817357409,0.002503617037970341,false,2.2170523863601486,0.5433509895022285,0.08033868528057238,0.9920003793918126,2.8180172024080856,0.0019057403858656237,2,0.7665921435131535,false,false,false,false,false,2.1963489708697588,0.5096830442742574,0.07872753373916805,1.0071168517810718,2.8045782698385104,0.003597890649560777,1,0.7425611286377601,false,false,false,false,false,false,false,false,false,false,false,0.2691658643215046,0.8692998958098579,delta_g_hat,true,false,all
20212022,2021021174,2022-04-12,CGY,SEA,0.636294975352088,0.7826,-0.0864,0.636294975352088,0.2974520218474219,0.16564263135170076,0.34382247722404413,0.0,0.0,0.0,0.0,1.0,1.0,0.0,0.011888951187505787,0.1291528757088699,0.4154916407447882,0.02538197392269552,-0.04553095568521097,0.0026658857210262567,-0.0008147764912066506,0.023385530943394652,-0.00404201817357409,0.002503617037970341,false,2.205843039524441,0.558026991570676,0.08087815956996872,0.9914964050731718,2.8205576043828424,0.004055943072327178,1,0.8333640582700298,false,false,false,false,false,1.9270155339299373,0.5119201773276546,0.07945109822905225,1.005447445453278,2.5321055842615774,0.005743905753731696,1,0.3671472222490948,false,false,false,false,false,false,false,false,false,false,false,0.5593190862810296,1.280882735089203,delta_g_hat,true,false,all
20212022,2021021236,2022-04-21,NJD,BUF,0.6648949354020195,0.5386,0.0975,0.6648949354020195,0.3280678736073336,0.15516203803641115,0.410856870040865,0.0,0.0,-1.0,3.451115134217397,3.0,0.0,0.0,0.011888951187505787,0.13371545845492205,0.4589511383123333,0.02538197392269552,-0.04553095568521097,0.015673530010174557,-0.006958483779766994,0.08803295026342868,0.0039014566419324995,0.002503617037970341,false,2.3829257356297355,0.4991887028404269,0.08035746159870594,1.0064838958082718,2.9816802592038476,0.015783121012930793,2,0.6316633635690974,false,false,false,false,false,2.204739563236468,0.5173374004634012,0.07641354698728253,0.9970813805466525,2.790322781842652,0.0007743790010797391,0,0.697475184406064,false,false,false,false,false,false,false,false,false,false,false,0.6851849279767293,0.15470783463784515,delta_g_hat,false,false,all
20212022,2021021257,2022-04-23,ARI,STL,0.22840665115193867,0.223,-0.0812,0.22840665115193867,-0.7870540685854697,-0.8198936837882558,-0.7342896212740531,1.0,0.0,-1.0,-0.9696065130337231,0.0,0.0,0.0,0.011888951187505787,0.13512831401360745,-1.1239752396400577,-0.20940128486223802,-0.04553095568521097,0.015673530010174557,0.0009113260494180095,-0.008938178716622364,0.0039014566419324995,0.002503617037970341,false,2.0379909361389834,0.4794008480102774,0.08096195038105168,0.9919719031959199,2.57749389921826,0.011432728438799666,1,0.617649715855442,false,false,false,false,false,2.3318772524781597,0.5600473633088665,0.07594261510907839,1.0801895960408037,3.2058593052444015,0.003548723865261866,1,0.39314438419764824,false,false,false,false,false,false,false,false,false,false,false,-1.2173300630582797,-1.2482685789075285,delta_g_hat,true,false,all
20212022,2021021310,2022-04-28,VAN,LAK,0.6221463383407945,0.5274,0.0898,0.6221463383407945,0.13941071552630932,0.07676229687697855,0.21283274449392442,0.0,1.0,1.0,-0.1923454105387246,0.0,0.0,0.0,0.011888951187505787,0.13454774655879945,0.19115047847709307,0.02538197392269552,0.14948643708564552,-0.010341758568122045,-0.0004723614008112765,-0.008938178716622364,0.0039014566419324995,0.002503617037970341,false,2.128011022997242,0.5691198255216542,0.08585639877234054,1.0272251201797338,2.8587544095574073,0.0163636711142484,1,0.48886899311345244,false,false,false,false,false,2.1841616950379823,0.5582727013062857,0.08362113979705467,0.9585663972017174,2.7089618735709555,0.09612401000516259,7,0.7046157381513127,false,false,true,true,false,false,false,true,true,false,true,0.49866835351731137,0.1097099091663787,delta_g_hat,false,false,all
20212022,2021021298,2022-04-29,BUF,CHI,0.4179642864273584,0.5386,-0.1066,0.4179642864273584,-0.15765824701284087,-0.3050772983232988,-0.11415397194098054,1.0,0.0,-1.0,-0.08908189159748224,0.0,1.0,0.0,0.011888951187505787,0.13760051244762744,-0.23054178591282953,-0.20940128486223802,-0.04553095568521097,0.015673530010174557,-0.0006561920785164311,-0.008938178716622364,-0.00404201817357409,0.002503617037970341,false,2.19355705414378,0.5031654067402728,0.07810720041301997,0.9920332089594258,2.7527231732123316,0.004360006519269127,1,0.3003947592260967,false,false,false,false,false,2.194190058175513,0.5309372463742231,0.07906104569874123,1.0390849774599675,2.9137899887114425,0.01789735761039188,1,0.2557568034904173,false,false,false,false,false,false,false,false,false,false,false,-0.33113581967002576,0.15470783463784515,delta_g_hat,false,true,all
20212022,2021021308,2022-04-29,MIN,COL,0.45974104661799436,0.6017,-0.0829,0.45974104661799436,-0.1674769262703945,-0.25675587768869557,-0.13408877523677365,1.0,1.0,0.0,-1.1346465148934888,0.0,1.0,0.0,0.011888951187505787,0.13760051244762744,-0.2444794960460128,-0.20940128486223802,0.14948643708564552,0.0026658857210262567,0.001205131797095503,-0.008938178716622364,-0.00404201817357409,0.002503617037970341,false,2.103155436412234,0.5654852520541563,0.09176765026115613,1.047537469639616,2.89163116632275,0.0017775550795159842,2,0.8041239655165082,false,false,false,false,false,2.1660816038492667,0.6595115518702914,0.08414887871688256,1.034455969780247,3.010000018043297,0.021774686175914063,5,0.6201158684290796,false,false,false,true,false,false,false,false,true,false,true,-0.161385179077257,0.41255349203870756,delta_g_hat,true,true,all
20212022,2021021312,2022-04-29,SEA,SJS,0.6437386068516593,0.5157,0.0844,0.6437386068516593,0.20756242124744895,0.07303621683931816,0.2771880579008732,0.0,1.0,1.0,-0.9069987697609924,0.0,1.0,0.0,0.011888951187505787,0.13760051244762744,0.2878924836395999,0.02538197392269552,0.14948643708564552,-0.010341758568122045,0.0007998711620248609,-0.008938178716622364,-0.00404201817357409,0.002503617037970341,false,2.1154853312478914,0.5093333731762502,0.0759935909670391,1.0072948259894803,2.7205142511163083,0.008661566401217763,2,0.29808434112617566,false,false,false,false,false,2.0383620289059685,0.49188543787000966,0.07918140526408207,0.9799181876056456,2.55702681097534,0.018515759101210588,2,0.8061148591928942,false,false,false,false,false,false,false,false,false,false,false,0.5916280418880643,0.06282065164772993,delta_g_hat,false,false,all
